zip,zip,population,gay tax rate,overall tax paid,income
1730,1730,13570.0,3260,150.0,1
1731,1731,2450.0,550,0.0,1
1742,1742,17170.0,4220,297.0,1
1760,1760,34350.0,7880,468.0,1
1770,1770,4310.0,1060,46.0,1
1773,1773,5340.0,1400,78.0,1
1778,1778,13910.0,3460,199.0,1
1801,1801,37270.0,7630,711.0,1
1803,1803,24740.0,5820,283.0,1
1867,1867,24810.0,5960,272.0,1
1880,1880,25180.0,5580,309.0,1
1887,1887,22520.0,5290,241.0,1
1890,1890,22310.0,5310,348.0,1
1901,1901,1440.0,0,35.0,1
1902,1902,40210.0,4580,700.0,1
1904,1904,18340.0,3440,240.0,1
1905,1905,23830.0,3070,342.0,1
1906,1906,25580.0,5430,423.0,1
1907,1907,13970.0,3230,211.0,1
1908,1908,3200.0,750,51.0,1
1940,1940,12880.0,3130,114.0,1
1944,1944,5110.0,1220,93.0,1
1945,1945,20070.0,4740,367.0,1
1960,1960,47880.0,10040,705.0,1
1970,1970,36170.0,6220,608.0,1
2021,2021,21930.0,4860,230.0,1
2025,2025,8100.0,1910,142.0,1
2026,2026,23210.0,4900,337.0,1
2030,2030,5800.0,1460,105.0,1
2032,2032,4580.0,1060,37.0,1
2043,2043,23080.0,5520,265.0,1
2045,2045,9080.0,1890,204.0,1
2052,2052,12690.0,3020,143.0,1
2054,2054,7840.0,1820,112.0,1
2061,2061,10930.0,2600,138.0,1
2062,2062,27500.0,5670,387.0,1
2066,2066,17470.0,4150,322.0,1
2067,2067,18210.0,4580,203.0,1
2072,2072,26350.0,5190,436.0,1
2081,2081,18890.0,4390,230.0,1
2090,2090,15350.0,3670,162.0,1
2108,2108,4050.0,870,78.0,1
2109,2109,3980.0,730,57.0,1
2110,2110,3320.0,720,42.0,1
2111,2111,5720.0,1180,100.0,1
2113,2113,5320.0,490,92.0,1
2114,2114,9350.0,1360,128.0,1
2115,2115,9810.0,1170,204.0,1
2116,2116,15420.0,2820,233.0,1
2118,2118,20190.0,2780,335.0,1
2119,2119,22430.0,1450,380.0,1
2120,2120,7730.0,530,164.0,1
2121,2121,23300.0,1290,373.0,1
2122,2122,21000.0,2460,532.0,1
2124,2124,43850.0,4120,667.0,1
2125,2125,27860.0,2690,510.0,1
2126,2126,20900.0,1670,300.0,1
2127,2127,29000.0,3550,321.0,1
2128,2128,34440.0,4120,980.0,1
2129,2129,15910.0,2730,185.0,1
2130,2130,30590.0,4640,701.0,1
2131,2131,27800.0,4120,568.0,1
2132,2132,25130.0,5190,314.0,1
2134,2134,13390.0,1350,507.0,1
2135,2135,31660.0,3890,903.0,1
2136,2136,32400.0,3700,523.0,1
2138,2138,22390.0,4140,480.0,1
2139,2139,26890.0,3770,580.0,1
2140,2140,16870.0,2930,346.0,1
2141,2141,9740.0,1460,200.0,1
2142,2142,2420.0,430,42.0,1
2143,2143,20890.0,3000,580.0,1
2144,2144,20290.0,2930,372.0,1
2145,2145,22430.0,3160,812.0,1
2148,2148,54800.0,9760,1500.0,1
2149,2149,39470.0,5760,1617.0,1
2150,2150,32330.0,3390,768.0,1
2151,2151,47170.0,7590,1391.0,1
2152,2152,15680.0,3070,311.0,1
2155,2155,50390.0,9550,1173.0,1
2163,2163,630.0,0,38.0,1
2169,2169,49210.0,8930,984.0,1
2170,2170,18260.0,3750,403.0,1
2171,2171,16680.0,3360,352.0,1
2176,2176,26840.0,6180,370.0,1
2180,2180,21130.0,4680,299.0,1
2184,2184,36000.0,7650,404.0,1
2186,2186,26280.0,5610,260.0,1
2188,2188,13740.0,2840,222.0,1
2189,2189,13430.0,2510,195.0,1
2190,2190,16180.0,3390,226.0,1
2191,2191,7750.0,1600,113.0,1
2199,2199,1290.0,0,29.0,1
2210,2210,3140.0,560,65.0,1
2215,2215,7350.0,870,129.0,1
2301,2301,56300.0,6600,711.0,1
2302,2302,30790.0,4260,355.0,1
2322,2322,4220.0,820,57.0,1
2343,2343,10240.0,1920,167.0,1
2351,2351,15300.0,3180,207.0,1
2356,2356,12070.0,2780,135.0,1
2368,2368,31010.0,4890,481.0,1
2370,2370,16580.0,3270,277.0,1
2420,2420,14980.0,3760,171.0,1
2421,2421,17770.0,4400,181.0,1
2445,2445,17920.0,3700,288.0,1
2446,2446,23060.0,4390,347.0,1
2451,2451,16130.0,3330,267.0,1
2452,2452,10840.0,2260,155.0,1
2453,2453,23760.0,4090,622.0,1
2458,2458,11790.0,2450,214.0,1
2459,2459,17590.0,4390,305.0,1
2460,2460,8820.0,1930,195.0,1
2461,2461,7080.0,1670,112.0,1
2462,2462,1310.0,290,0.0,1
2464,2464,2820.0,610,21.0,1
2465,2465,11730.0,2750,175.0,1
2466,2466,6570.0,1490,125.0,1
2467,2467,14600.0,3350,259.0,1
2468,2468,5580.0,1490,100.0,1
2472,2472,30280.0,5860,773.0,1
2474,2474,26100.0,5690,380.0,1
2476,2476,16510.0,3850,278.0,1
2478,2478,24720.0,5710,359.0,1
2481,2481,15000.0,3630,270.0,1
2482,2482,10250.0,2440,114.0,1
2492,2492,20330.0,5050,213.0,1
2493,2493,10830.0,2650,211.0,1
2494,2494,9810.0,2270,128.0,1
6830,6830,22440.0,4540,802.0,1
7001,7001,13530.0,2630,180.0,1
7002,7002,59480.0,9600,931.0,1
7003,7003,45650.0,7520,799.0,1
7008,7008,22630.0,3740,587.0,1
7010,7010,21030.0,4000,719.0,1
7011,7011,39540.0,5730,1012.0,1
7012,7012,12330.0,2420,182.0,1
7013,7013,26790.0,5620,454.0,1
7014,7014,5350.0,1020,76.0,1
7016,7016,22960.0,5330,239.0,1
7017,7017,30070.0,2110,400.0,1
7018,7018,23600.0,1450,287.0,1
7020,7020,10980.0,2330,253.0,1
7022,7022,11620.0,1800,522.0,1
7023,7023,7590.0,1820,40.0,1
7024,7024,33400.0,7130,918.0,1
7026,7026,28770.0,4600,936.0,1
7027,7027,4070.0,820,86.0,1
7028,7028,7970.0,1850,85.0,1
7029,7029,15860.0,2510,501.0,1
7030,7030,44570.0,7330,685.0,1
7031,7031,15110.0,3090,329.0,1
7032,7032,35380.0,6230,1124.0,1
7033,7033,7790.0,1610,96.0,1
7036,7036,40020.0,6100,917.0,1
7040,7040,24140.0,4580,239.0,1
7041,7041,7210.0,1620,104.0,1
7047,7047,52340.0,7530,1804.0,1
7050,7050,26540.0,2120,634.0,1
7052,7052,44750.0,8360,772.0,1
7055,7055,69590.0,7030,1229.0,1
7057,7057,10660.0,2170,448.0,1
7060,7060,41850.0,4670,806.0,1
7062,7062,12590.0,1530,217.0,1
7064,7064,3510.0,660,56.0,1
7065,7065,26180.0,3960,344.0,1
7066,7066,15050.0,3470,179.0,1
7067,7067,17940.0,4120,189.0,1
7070,7070,17160.0,3660,248.0,1
7071,7071,19700.0,3870,357.0,1
7072,7072,5730.0,1130,126.0,1
7073,7073,8880.0,1700,172.0,1
7074,7074,2800.0,530,72.0,1
7075,7075,8620.0,1890,99.0,1
7076,7076,23890.0,5340,345.0,1
7077,7077,2630.0,490,32.0,1
7078,7078,14020.0,3480,274.0,1
7079,7079,14690.0,3090,170.0,1
7080,7080,22770.0,4800,239.0,1
7081,7081,16130.0,3490,233.0,1
7083,7083,51050.0,9400,737.0,1
7086,7086,12730.0,2170,317.0,1
7087,7087,57740.0,6470,1889.0,1
7088,7088,2970.0,0,41.0,1
7090,7090,30400.0,7200,353.0,1
7092,7092,6760.0,1740,57.0,1
7093,7093,52220.0,7030,1965.0,1
7094,7094,17560.0,3710,307.0,1
7095,7095,19580.0,3800,227.0,1
7102,7102,7690.0,610,159.0,1
7103,7103,24210.0,1060,253.0,1
7104,7104,41850.0,3540,877.0,1
7105,7105,35700.0,5540,2154.0,1
7106,7106,24850.0,1740,289.0,1
7107,7107,32300.0,2580,697.0,1
7108,7108,19970.0,820,194.0,1
7109,7109,34470.0,5400,647.0,1
7110,7110,27840.0,5880,436.0,1
7111,7111,47210.0,3260,728.0,1
7112,7112,21370.0,1000,183.0,1
7114,7114,7370.0,590,268.0,1
7201,7201,24810.0,2670,792.0,1
7202,7202,35760.0,4460,1109.0,1
7203,7203,19740.0,2290,367.0,1
7204,7204,12680.0,2310,230.0,1
7205,7205,21000.0,2700,454.0,1
7206,7206,25830.0,2390,653.0,1
7208,7208,28260.0,3930,868.0,1
7302,7302,39070.0,7700,656.0,1
7304,7304,39350.0,4250,791.0,1
7305,7305,55560.0,5790,827.0,1
7306,7306,48300.0,8030,1441.0,1
7307,7307,39430.0,5970,974.0,1
7310,7310,10780.0,2080,106.0,1
7311,7311,450.0,0,0.0,1
7407,7407,19560.0,3780,391.0,1
7410,7410,32390.0,7320,431.0,1
7450,7450,25260.0,5870,320.0,1
7601,7601,39340.0,5660,941.0,1
7603,7603,7960.0,1400,115.0,1
7604,7604,11640.0,2510,128.0,1
7605,7605,8490.0,1910,216.0,1
7606,7606,2480.0,400,44.0,1
7607,7607,9310.0,2010,109.0,1
7621,7621,26880.0,5060,470.0,1
7624,7624,8520.0,2000,134.0,1
7626,7626,8440.0,2000,190.0,1
7627,7627,4800.0,1170,107.0,1
7628,7628,16690.0,3560,205.0,1
7630,7630,7010.0,1690,82.0,1
7631,7631,25410.0,3990,575.0,1
7632,7632,5340.0,1380,120.0,1
7640,7640,4700.0,1170,95.0,1
7641,7641,3350.0,860,41.0,1
7642,7642,10150.0,2440,119.0,1
7643,7643,9940.0,1910,279.0,1
7644,7644,22590.0,3570,593.0,1
7645,7645,8020.0,1960,92.0,1
7646,7646,16070.0,3430,253.0,1
7647,7647,4720.0,1090,83.0,1
7648,7648,5330.0,1280,100.0,1
7649,7649,8050.0,2000,111.0,1
7650,7650,16010.0,3290,873.0,1
7652,7652,25010.0,5970,416.0,1
7656,7656,8520.0,2020,76.0,1
7657,7657,10490.0,2170,335.0,1
7660,7660,12610.0,2270,280.0,1
7661,7661,11560.0,2710,151.0,1
7662,7662,5480.0,1160,77.0,1
7663,7663,13400.0,2830,246.0,1
7666,7666,38940.0,7390,678.0,1
7670,7670,14640.0,3410,261.0,1
7675,7675,26100.0,6080,387.0,1
7676,7676,9090.0,2300,90.0,1
7677,7677,6320.0,1610,108.0,1
7701,7701,23120.0,4310,409.0,1
7704,7704,6350.0,1470,84.0,1
7716,7716,7780.0,1730,161.0,1
7718,7718,6000.0,1320,48.0,1
7721,7721,3130.0,530,41.0,1
7722,7722,9890.0,2420,189.0,1
7726,7726,43870.0,10320,539.0,1
7730,7730,16370.0,3770,170.0,1
7732,7732,3700.0,640,93.0,1
7733,7733,16130.0,3970,190.0,1
7734,7734,10120.0,1640,110.0,1
7735,7735,16920.0,3180,225.0,1
7737,7737,3850.0,900,59.0,1
7738,7738,5940.0,1490,81.0,1
7746,7746,18510.0,4670,240.0,1
7747,7747,29290.0,6440,309.0,1
7748,7748,27430.0,6420,229.0,1
7751,7751,20960.0,4940,238.0,1
7758,7758,4610.0,990,49.0,1
7760,7760,9090.0,2050,223.0,1
7901,7901,22680.0,4970,381.0,1
8002,8002,21270.0,4180,345.0,1
8003,8003,29870.0,7190,397.0,1
8007,8007,4710.0,960,45.0,1
8010,8010,9740.0,1600,172.0,1
8012,8012,35360.0,6830,390.0,1
8014,8014,450.0,0,0.0,1
8016,8016,30970.0,5690,312.0,1
8020,8020,2350.0,600,22.0,1
8021,8021,41500.0,5640,433.0,1
8026,8026,2180.0,490,21.0,1
8027,8027,4400.0,940,35.0,1
8029,8029,4140.0,840,25.0,1
8030,8030,11250.0,1770,94.0,1
8031,8031,10490.0,2000,97.0,1
8033,8033,16590.0,3790,182.0,1
8034,8034,18060.0,3980,256.0,1
8035,8035,7080.0,1650,80.0,1
8036,8036,6060.0,1420,46.0,1
8043,8043,27120.0,6010,369.0,1
8045,8045,2490.0,280,54.0,1
8046,8046,28710.0,3880,314.0,1
8048,8048,11960.0,2360,119.0,1
8049,8049,4740.0,870,42.0,1
8051,8051,9800.0,1870,106.0,1
8052,8052,17790.0,3000,210.0,1
8053,8053,44200.0,9770,508.0,1
8054,8054,41090.0,8660,410.0,1
8056,8056,5170.0,1300,28.0,1
8057,8057,20280.0,4620,218.0,1
8059,8059,5260.0,1010,46.0,1
8060,8060,22470.0,4280,245.0,1
8061,8061,3210.0,700,0.0,1
8062,8062,16600.0,3830,161.0,1
8063,8063,2700.0,530,0.0,1
8065,8065,6530.0,1110,96.0,1
8066,8066,6710.0,800,48.0,1
8071,8071,8640.0,1820,91.0,1
8075,8075,26860.0,5390,475.0,1
8077,8077,18550.0,4260,206.0,1
8078,8078,7280.0,1320,69.0,1
8080,8080,35720.0,8050,355.0,1
8081,8081,46130.0,7990,372.0,1
8083,8083,9060.0,1790,93.0,1
8084,8084,6440.0,1260,67.0,1
8085,8085,20060.0,4340,141.0,1
8086,8086,7670.0,1580,58.0,1
8090,8090,7890.0,1680,84.0,1
8093,8093,8590.0,1360,89.0,1
8096,8096,32120.0,6160,308.0,1
8097,8097,3090.0,670,31.0,1
8102,8102,5340.0,0,37.0,1
8103,8103,9230.0,380,62.0,1
8104,8104,18570.0,670,133.0,1
8105,8105,26240.0,1320,234.0,1
8106,8106,9040.0,1790,75.0,1
8107,8107,12200.0,1890,158.0,1
8108,8108,16490.0,3420,255.0,1
8109,8109,20500.0,3460,255.0,1
8110,8110,18210.0,1970,236.0,1
8505,8505,17280.0,3640,188.0,1
8518,8518,5240.0,1040,59.0,1
8554,8554,3530.0,650,26.0,1
8816,8816,47000.0,10870,650.0,1
8817,8817,45040.0,9750,555.0,1
8820,8820,40400.0,10110,444.0,1
8830,8830,19260.0,4420,277.0,1
8832,8832,2990.0,350,66.0,1
8837,8837,15740.0,3360,175.0,1
8840,8840,16690.0,3700,201.0,1
8850,8850,8050.0,1880,89.0,1
8854,8854,49760.0,10280,550.0,1
8857,8857,37880.0,8130,435.0,1
8859,8859,23160.0,4650,341.0,1
8861,8861,52530.0,5610,1033.0,1
8863,8863,12030.0,2330,150.0,1
8872,8872,19240.0,3680,264.0,1
8879,8879,19970.0,3770,274.0,1
8882,8882,14720.0,2870,314.0,1
8884,8884,7500.0,1660,60.0,1
8901,8901,40370.0,3310,558.0,1
8902,8902,40860.0,7580,453.0,1
8904,8904,12430.0,2390,194.0,1
10001,10001,19710.0,2540,766.0,1
10002,10002,71450.0,10860,3503.0,1
10003,10003,39470.0,5550,1569.0,1
10004,10004,4380.0,830,104.0,1
10005,10005,8600.0,1370,265.0,1
10006,10006,3390.0,490,87.0,1
10007,10007,5910.0,1210,108.0,1
10009,10009,46940.0,5090,1699.0,1
10010,10010,24020.0,3630,508.0,1
10011,10011,40950.0,5790,1424.0,1
10012,10012,17250.0,2520,708.0,1
10013,10013,24680.0,4570,935.0,1
10014,10014,25220.0,3510,897.0,1
10016,10016,42940.0,5970,1002.0,1
10017,10017,17990.0,3110,424.0,1
10018,10018,8840.0,1190,338.0,1
10019,10019,34280.0,4910,1202.0,1
10021,10021,36490.0,6870,866.0,1
10022,10022,29800.0,5560,642.0,1
10023,10023,52150.0,9570,1316.0,1
10024,10024,50420.0,9760,1337.0,1
10025,10025,73730.0,11670,2143.0,1
10026,10026,30440.0,2680,968.0,1
10027,10027,45080.0,4090,1369.0,1
10028,10028,39430.0,7250,1030.0,1
10029,10029,60970.0,5000,1832.0,1
10030,10030,23010.0,1280,611.0,1
10031,10031,47370.0,3520,1869.0,1
10032,10032,48530.0,3780,1858.0,1
10033,10033,45600.0,4600,1674.0,1
10034,10034,34740.0,3390,1161.0,1
10035,10035,26650.0,1910,715.0,1
10036,10036,25310.0,3270,976.0,1
10037,10037,16880.0,950,381.0,1
10038,10038,18310.0,2700,540.0,1
10039,10039,23320.0,1290,561.0,1
10040,10040,36340.0,3580,1286.0,1
10044,10044,7080.0,1270,171.0,1
10065,10065,24130.0,4470,593.0,1
10069,10069,5260.0,1200,145.0,1
10075,10075,22000.0,4080,477.0,1
10128,10128,51720.0,9290,1177.0,1
10162,10162,1450.0,320,55.0,1
10280,10280,7410.0,1450,131.0,1
10282,10282,4910.0,1140,27.0,1
10301,10301,33260.0,4690,674.0,1
10302,10302,16100.0,2220,416.0,1
10303,10303,24020.0,2720,461.0,1
10304,10304,38250.0,5330,601.0,1
10305,10305,36980.0,6890,803.0,1
10306,10306,50460.0,10240,775.0,1
10307,10307,12940.0,2630,202.0,1
10308,10308,25790.0,5560,285.0,1
10309,10309,29770.0,6310,369.0,1
10310,10310,22810.0,3430,336.0,1
10312,10312,56670.0,12330,655.0,1
10314,10314,79230.0,15870,1276.0,1
10451,10451,43240.0,2500,889.0,1
10452,10452,70360.0,4260,1795.0,1
10453,10453,73190.0,4090,1729.0,1
10454,10454,31880.0,1700,636.0,1
10455,10455,35240.0,2000,714.0,1
10456,10456,80050.0,4240,1567.0,1
10457,10457,64740.0,3600,1289.0,1
10458,10458,66470.0,4640,1779.0,1
10459,10459,41540.0,2400,830.0,1
10460,10460,47890.0,2650,953.0,1
10461,10461,44170.0,6100,1239.0,1
10462,10462,74080.0,7950,2039.0,1
10463,10463,60050.0,7640,1308.0,1
10464,10464,3600.0,670,69.0,1
10465,10465,35480.0,4980,459.0,1
10466,10466,59280.0,4470,1203.0,1
10467,10467,84310.0,6950,1988.0,1
10468,10468,67780.0,4690,1818.0,1
10469,10469,58670.0,5590,1180.0,1
10470,10470,13220.0,1570,285.0,1
10471,10471,17200.0,3010,350.0,1
10472,10472,57010.0,4930,1598.0,1
10473,10473,50920.0,3570,771.0,1
10474,10474,10040.0,550,194.0,1
10475,10475,35830.0,3040,446.0,1
10502,10502,5930.0,1390,65.0,1
10522,10522,10050.0,2140,131.0,1
10523,10523,8840.0,1430,213.0,1
10528,10528,11150.0,2370,261.0,1
10530,10530,12220.0,2620,175.0,1
10533,10533,7680.0,1780,103.0,1
10538,10538,17200.0,4020,293.0,1
10543,10543,18930.0,3790,457.0,1
10550,10550,34680.0,2580,779.0,1
10552,10552,18520.0,2730,470.0,1
10553,10553,10070.0,850,176.0,1
10573,10573,37040.0,6530,1178.0,1
10577,10577,3010.0,710,52.0,1
10580,10580,17240.0,3900,368.0,1
10583,10583,39860.0,9470,790.0,1
10591,10591,21760.0,3890,496.0,1
10601,10601,10060.0,1470,203.0,1
10603,10603,17800.0,2890,371.0,1
10604,10604,10700.0,2020,261.0,1
10605,10605,18970.0,3990,361.0,1
10606,10606,15720.0,2410,460.0,1
10607,10607,7460.0,1410,116.0,1
10701,10701,54000.0,5830,1119.0,1
10703,10703,19550.0,2750,325.0,1
10704,10704,29920.0,4830,601.0,1
10705,10705,35390.0,4090,710.0,1
10706,10706,8890.0,2010,164.0,1
10707,10707,9500.0,1900,119.0,1
10708,10708,20500.0,4200,319.0,1
10709,10709,9390.0,2070,112.0,1
10710,10710,25270.0,4650,330.0,1
10801,10801,35920.0,5500,795.0,1
10803,10803,12870.0,2740,194.0,1
10804,10804,14510.0,3540,212.0,1
10805,10805,16270.0,2480,428.0,1
10913,10913,5150.0,1170,51.0,1
10960,10960,13450.0,2340,321.0,1
10962,10962,4990.0,1070,73.0,1
10964,10964,1420.0,340,31.0,1
10965,10965,14920.0,3270,137.0,1
10968,10968,2130.0,410,40.0,1
10976,10976,1410.0,0,30.0,1
10983,10983,5820.0,1330,62.0,1
11001,11001,26970.0,5780,394.0,1
11003,11003,44160.0,5760,853.0,1
11004,11004,12390.0,2630,348.0,1
11005,11005,1830.0,390,15.0,1
11010,11010,23400.0,4870,370.0,1
11020,11020,6230.0,1400,150.0,1
11021,11021,17310.0,3730,449.0,1
11023,11023,8930.0,2010,193.0,1
11024,11024,6710.0,1470,197.0,1
11030,11030,18210.0,4430,345.0,1
11040,11040,42610.0,9760,644.0,1
11050,11050,29680.0,6580,676.0,1
11096,11096,7670.0,940,215.0,1
11101,11101,28280.0,4080,1178.0,1
11102,11102,31820.0,4390,1653.0,1
11103,11103,33520.0,5070,1930.0,1
11104,11104,25670.0,4400,1608.0,1
11105,11105,32260.0,5510,1462.0,1
11106,11106,35830.0,5190,1860.0,1
11109,11109,5600.0,1140,118.0,1
11201,11201,49500.0,8850,1183.0,1
11203,11203,64970.0,5240,1340.0,1
11204,11204,76700.0,14670,2287.0,1
11205,11205,38330.0,4580,998.0,1
11206,11206,70670.0,6410,1927.0,1
11207,11207,78830.0,4860,1538.0,1
11208,11208,85530.0,7220,1945.0,1
11209,11209,62070.0,10950,2067.0,1
11210,11210,58560.0,6910,1221.0,1
11211,11211,54880.0,7150,2063.0,1
11212,11212,71850.0,3830,1064.0,1
11213,11213,54280.0,4510,1250.0,1
11214,11214,80680.0,15240,3026.0,1
11215,11215,57840.0,10850,1728.0,1
11216,11216,43790.0,3000,1769.0,1
11217,11217,29350.0,4260,897.0,1
11218,11218,71050.0,11890,2926.0,1
11219,11219,94890.0,17670,2694.0,1
11220,11220,111430.0,19530,5966.0,1
11221,11221,63630.0,4310,2122.0,1
11222,11222,32690.0,4910,2191.0,1
11223,11223,67530.0,12450,2479.0,1
11224,11224,36070.0,4550,1024.0,1
11225,11225,50680.0,4270,1558.0,1
11226,11226,89750.0,6950,2693.0,1
11228,11228,38150.0,7800,1006.0,1
11229,11229,71470.0,13520,2232.0,1
11230,11230,77620.0,13430,2983.0,1
11231,11231,30180.0,4950,734.0,1
11232,11232,25010.0,3520,1211.0,1
11233,11233,54720.0,3110,1080.0,1
11234,11234,79070.0,11360,1485.0,1
11235,11235,69930.0,12700,3305.0,1
11236,11236,84350.0,6860,1467.0,1
11237,11237,39670.0,3660,2180.0,1
11238,11238,45910.0,5310,1505.0,1
11239,11239,11980.0,680,147.0,1
11354,11354,52240.0,10350,4648.0,1
11355,11355,90920.0,18130,9166.0,1
11356,11356,24010.0,4200,1088.0,1
11357,11357,37080.0,8190,886.0,1
11358,11358,35170.0,7410,1484.0,1
11360,11360,17360.0,3740,363.0,1
11361,11361,25800.0,5360,791.0,1
11362,11362,16430.0,3690,365.0,1
11363,11363,6400.0,1460,169.0,1
11364,11364,33810.0,7340,856.0,1
11365,11365,40550.0,7820,1352.0,1
11366,11366,13390.0,2840,452.0,1
11367,11367,38200.0,7010,1367.0,1
11368,11368,100270.0,12150,6007.0,1
11369,11369,34610.0,4490,1718.0,1
11370,11370,25770.0,4540,1431.0,1
11372,11372,65030.0,10070,4321.0,1
11373,11373,97860.0,16330,6516.0,1
11374,11374,40580.0,7360,1716.0,1
11375,11375,63430.0,12630,1697.0,1
11377,11377,84100.0,13960,5615.0,1
11378,11378,33470.0,6140,1313.0,1
11379,11379,32860.0,6680,839.0,1
11385,11385,90970.0,14000,3955.0,1
11411,11411,17930.0,1790,328.0,1
11412,11412,32970.0,2670,586.0,1
11413,11413,37120.0,3250,673.0,1
11414,11414,23540.0,4340,364.0,1
11415,11415,17130.0,2940,649.0,1
11416,11416,24480.0,3420,892.0,1
11417,11417,28750.0,4470,803.0,1
11418,11418,34440.0,5060,1594.0,1
11419,11419,44380.0,6830,2771.0,1
11420,11420,43510.0,6150,1772.0,1
11421,11421,38570.0,5510,1315.0,1
11422,11422,28400.0,2620,572.0,1
11423,11423,28290.0,3990,734.0,1
11426,11426,17860.0,3680,662.0,1
11427,11427,22080.0,3940,620.0,1
11428,11428,18820.0,3080,533.0,1
11429,11429,22950.0,2280,418.0,1
11430,11430,230.0,0,0.0,1
11432,11432,56310.0,9310,2519.0,1
11433,11433,30750.0,2730,657.0,1
11434,11434,55670.0,4220,938.0,1
11435,11435,49620.0,6990,1852.0,1
11436,11436,17450.0,1740,419.0,1
11501,11501,19150.0,3910,367.0,1
11507,11507,7610.0,1770,117.0,1
11509,11509,2290.0,520,58.0,1
11510,11510,32870.0,5470,475.0,1
11514,11514,4590.0,990,78.0,1
11516,11516,7990.0,1550,146.0,1
11518,11518,10240.0,2170,102.0,1
11520,11520,42530.0,5260,1031.0,1
11530,11530,28860.0,6720,347.0,1
11542,11542,23880.0,4370,625.0,1
11545,11545,11620.0,2790,247.0,1
11548,11548,1270.0,270,38.0,1
11550,11550,52300.0,4630,1207.0,1
11552,11552,24880.0,4450,398.0,1
11553,11553,25970.0,2690,582.0,1
11554,11554,37020.0,8160,446.0,1
11557,11557,8080.0,1800,151.0,1
11558,11558,7560.0,1470,130.0,1
11559,11559,8450.0,1690,175.0,1
11560,11560,6320.0,1360,119.0,1
11561,11561,31560.0,5620,636.0,1
11563,11563,21470.0,4380,239.0,1
11565,11565,8900.0,2040,88.0,1
11566,11566,35900.0,8390,433.0,1
11568,11568,3240.0,770,90.0,1
11570,11570,27160.0,5620,324.0,1
11572,11572,30290.0,6730,382.0,1
11575,11575,16430.0,1430,458.0,1
11576,11576,12540.0,3080,298.0,1
11577,11577,12260.0,2790,242.0,1
11579,11579,4910.0,1100,100.0,1
11580,11580,41510.0,6790,812.0,1
11581,11581,21490.0,4200,374.0,1
11590,11590,46820.0,7650,836.0,1
11596,11596,10700.0,2440,129.0,1
11598,11598,14000.0,3060,248.0,1
11691,11691,46310.0,4400,761.0,1
11692,11692,16700.0,1320,217.0,1
11693,11693,10360.0,1340,220.0,1
11694,11694,15740.0,2790,281.0,1
11697,11697,3740.0,840,22.0,1
11709,11709,6420.0,1410,102.0,1
11710,11710,34190.0,7600,443.0,1
11732,11732,3420.0,790,62.0,1
11753,11753,13670.0,3380,277.0,1
11756,11756,42530.0,8900,473.0,1
11765,11765,570.0,0,31.0,1
11771,11771,9460.0,2020,207.0,1
11791,11791,25660.0,6180,368.0,1
11793,11793,32350.0,7370,305.0,1
11801,11801,40280.0,8550,829.0,1
18914,18914,20670.0,4840,211.0,1
18925,18925,6290.0,1520,53.0,1
18929,18929,8950.0,2180,84.0,1
18936,18936,350.0,0,0.0,1
18940,18940,29900.0,7280,381.0,1
18954,18954,9690.0,2540,138.0,1
18966,18966,37750.0,9130,496.0,1
18974,18974,39740.0,9090,515.0,1
18976,18976,20590.0,4820,199.0,1
19001,19001,16520.0,3370,176.0,1
19002,19002,31500.0,7230,477.0,1
19003,19003,11990.0,2370,220.0,1
19004,19004,10000.0,2290,178.0,1
19006,19006,21780.0,5330,447.0,1
19007,19007,19250.0,2880,317.0,1
19008,19008,19950.0,4750,309.0,1
19010,19010,16780.0,3830,282.0,1
19012,19012,6400.0,1270,88.0,1
19013,19013,25530.0,1170,194.0,1
19014,19014,19440.0,4150,176.0,1
19015,19015,14940.0,2410,160.0,1
19018,19018,21390.0,3630,269.0,1
19020,19020,52590.0,10350,784.0,1
19021,19021,9200.0,1620,146.0,1
19022,19022,3060.0,370,33.0,1
19023,19023,18890.0,1340,129.0,1
19025,19025,5730.0,1450,85.0,1
19026,19026,29370.0,5510,398.0,1
19027,19027,17890.0,3280,230.0,1
19029,19029,3660.0,580,48.0,1
19030,19030,11430.0,2400,171.0,1
19031,19031,4300.0,1020,63.0,1
19032,19032,6060.0,730,95.0,1
19033,19033,7340.0,1480,79.0,1
19034,19034,6520.0,1610,105.0,1
19035,19035,3860.0,970,56.0,1
19036,19036,11820.0,1960,133.0,1
19038,19038,29240.0,6240,365.0,1
19040,19040,20780.0,4490,292.0,1
19041,19041,5100.0,1200,96.0,1
19043,19043,2610.0,480,23.0,1
19044,19044,15720.0,3140,197.0,1
19046,19046,17430.0,3910,230.0,1
19047,19047,32180.0,7520,373.0,1
19050,19050,26310.0,3120,404.0,1
19053,19053,26390.0,5830,464.0,1
19054,19054,16400.0,3200,217.0,1
19055,19055,12760.0,2480,187.0,1
19056,19056,14630.0,2980,180.0,1
19057,19057,15650.0,2830,172.0,1
19061,19061,17900.0,3030,204.0,1
19063,19063,33630.0,7630,497.0,1
19064,19064,24550.0,5830,217.0,1
19066,19066,5380.0,1320,86.0,1
19067,19067,50570.0,11200,711.0,1
19070,19070,6860.0,1390,92.0,1
19072,19072,9500.0,2170,188.0,1
19073,19073,18350.0,4530,259.0,1
19074,19074,5360.0,1020,59.0,1
19075,19075,7350.0,1700,67.0,1
19076,19076,5850.0,1000,72.0,1
19078,19078,10640.0,2120,91.0,1
19079,19079,8320.0,680,61.0,1
19081,19081,8770.0,2050,76.0,1
19082,19082,37030.0,4400,957.0,1
19083,19083,36130.0,8170,445.0,1
19085,19085,5790.0,1480,113.0,1
19086,19086,11530.0,2670,118.0,1
19087,19087,30040.0,6890,541.0,1
19090,19090,18330.0,3560,229.0,1
19094,19094,3760.0,600,44.0,1
19095,19095,5830.0,1080,79.0,1
19096,19096,13550.0,3300,167.0,1
19102,19102,3540.0,550,61.0,1
19103,19103,18010.0,2960,354.0,1
19104,19104,20970.0,1500,345.0,1
19106,19106,9360.0,1740,198.0,1
19107,19107,8630.0,1180,240.0,1
19111,19111,55750.0,8040,1093.0,1
19114,19114,27010.0,4680,370.0,1
19115,19115,29290.0,6050,667.0,1
19116,19116,28170.0,6060,912.0,1
19118,19118,7970.0,1690,158.0,1
19119,19119,22270.0,3360,384.0,1
19120,19120,56440.0,4120,1001.0,1
19121,19121,21670.0,620,267.0,1
19122,19122,12020.0,810,288.0,1
19123,19123,11150.0,1240,256.0,1
19124,19124,55160.0,3840,797.0,1
19125,19125,18370.0,2510,525.0,1
19126,19126,12790.0,1040,149.0,1
19127,19127,3880.0,490,99.0,1
19128,19128,29380.0,5420,388.0,1
19129,19129,8380.0,1180,118.0,1
19130,19130,19810.0,3010,441.0,1
19131,19131,29600.0,1940,478.0,1
19132,19132,26150.0,800,206.0,1
19133,19133,17350.0,630,213.0,1
19134,19134,43150.0,3260,944.0,1
19135,19135,27390.0,2740,333.0,1
19136,19136,28700.0,4110,399.0,1
19137,19137,7160.0,1050,86.0,1
19138,19138,26730.0,1600,231.0,1
19139,19139,31220.0,1380,444.0,1
19140,19140,39000.0,1620,473.0,1
19141,19141,23580.0,1310,262.0,1
19142,19142,25780.0,1370,433.0,1
19143,19143,50510.0,2980,768.0,1
19144,19144,31400.0,2110,486.0,1
19145,19145,38880.0,4730,723.0,1
19146,19146,30600.0,3440,515.0,1
19147,19147,30500.0,4940,770.0,1
19148,19148,42340.0,6230,850.0,1
19149,19149,48300.0,6090,1065.0,1
19150,19150,20030.0,1860,227.0,1
19151,19151,26360.0,1890,318.0,1
19152,19152,28630.0,5130,743.0,1
19153,19153,10490.0,970,157.0,1
19154,19154,30420.0,5730,281.0,1
19312,19312,11680.0,2830,148.0,1
19333,19333,7250.0,1640,108.0,1
19342,19342,17680.0,4270,185.0,1
19401,19401,37610.0,4520,487.0,1
19403,19403,41270.0,9250,474.0,1
19405,19405,4900.0,710,57.0,1
19406,19406,22450.0,4890,298.0,1
19422,19422,18850.0,4630,260.0,1
19426,19426,35810.0,8430,417.0,1
19428,19428,16650.0,3020,230.0,1
19436,19436,480.0,0,0.0,1
19444,19444,10430.0,2480,123.0,1
19446,19446,53750.0,12000,571.0,1
19454,19454,27450.0,6320,367.0,1
19460,19460,37980.0,8260,518.0,1
19462,19462,14990.0,3360,175.0,1
19477,19477,280.0,0,0.0,1
20001,20001,35500.0,3320,644.0,1
20002,20002,51150.0,5360,751.0,1
20003,20003,23520.0,3780,317.0,1
20004,20004,1320.0,0,0.0,1
20005,20005,9770.0,990,205.0,1
20006,20006,810.0,0,27.0,1
20007,20007,19220.0,3600,427.0,1
20008,20008,23930.0,4130,459.0,1
20009,20009,41830.0,4350,915.0,1
20010,20010,28060.0,2620,804.0,1
20011,20011,62220.0,6350,1506.0,1
20012,20012,13350.0,1980,306.0,1
20015,20015,14800.0,3460,212.0,1
20016,20016,24550.0,5210,507.0,1
20017,20017,16130.0,1860,298.0,1
20018,20018,16080.0,1540,234.0,1
20019,20019,51210.0,1870,456.0,1
20020,20020,44660.0,1880,451.0,1
20024,20024,10670.0,1030,177.0,1
20032,20032,31790.0,1650,216.0,1
20036,20036,4510.0,470,129.0,1
20037,20037,6300.0,900,163.0,1
20601,20601,24600.0,3980,281.0,1
20603,20603,29890.0,4880,272.0,1
20607,20607,11240.0,2050,100.0,1
20613,20613,13870.0,2360,188.0,1
20616,20616,6410.0,910,71.0,1
20623,20623,2920.0,470,16.0,1
20705,20705,27880.0,3930,901.0,1
20706,20706,42660.0,4910,934.0,1
20707,20707,34030.0,4970,757.0,1
20708,20708,26450.0,3060,588.0,1
20710,20710,9690.0,730,235.0,1
20712,20712,8720.0,860,347.0,1
20715,20715,24580.0,4920,314.0,1
20716,20716,20710.0,3010,258.0,1
20720,20720,23400.0,4040,327.0,1
20721,20721,28290.0,4540,350.0,1
20722,20722,6130.0,650,225.0,1
20735,20735,36010.0,5130,434.0,1
20737,20737,25940.0,2590,790.0,1
20740,20740,18780.0,2860,581.0,1
20743,20743,35730.0,2570,480.0,1
20744,20744,50410.0,7300,905.0,1
20745,20745,28730.0,2450,875.0,1
20746,20746,26900.0,1910,341.0,1
20747,20747,36050.0,2580,435.0,1
20748,20748,35640.0,3210,595.0,1
20762,20762,2830.0,640,0.0,1
20769,20769,6960.0,1270,115.0,1
20770,20770,24120.0,2600,562.0,1
20772,20772,42630.0,6210,466.0,1
20774,20774,45540.0,5920,498.0,1
20781,20781,14380.0,1660,433.0,1
20782,20782,31920.0,3530,1093.0,1
20783,20783,49520.0,4750,2920.0,1
20784,20784,33800.0,3360,952.0,1
20785,20785,38480.0,3340,620.0,1
20812,20812,330.0,0,87.0,1
20814,20814,25950.0,5450,445.0,1
20815,20815,27060.0,6310,502.0,1
20816,20816,15470.0,3750,293.0,1
20817,20817,34350.0,8360,557.0,1
20818,20818,1740.0,410,31.0,1
20832,20832,25420.0,5660,357.0,1
20850,20850,43490.0,9060,880.0,1
20851,20851,14490.0,2420,557.0,1
20852,20852,38770.0,7760,906.0,1
20853,20853,30610.0,6290,945.0,1
20854,20854,48030.0,12440,803.0,1
20855,20855,14800.0,3550,284.0,1
20860,20860,1820.0,390,37.0,1
20861,20861,2030.0,490,23.0,1
20866,20866,14410.0,2300,253.0,1
20868,20868,760.0,0,79.0,1
20895,20895,18690.0,4140,347.0,1
20901,20901,37050.0,6460,1138.0,1
20902,20902,52380.0,8330,2169.0,1
20903,20903,26450.0,2970,1302.0,1
20904,20904,55730.0,8650,1430.0,1
20905,20905,18350.0,4170,375.0,1
20906,20906,68290.0,10730,2704.0,1
20910,20910,38380.0,6370,835.0,1
20912,20912,24520.0,3690,842.0,1
22003,22003,54440.0,11110,1779.0,1
22027,22027,2180.0,540,80.0,1
22030,22030,48370.0,10310,901.0,1
22031,22031,30540.0,6350,669.0,1
22032,22032,29340.0,7100,395.0,1
22041,22041,24680.0,3950,996.0,1
22042,22042,31780.0,6100,1100.0,1
22043,22043,23270.0,4810,468.0,1
22044,22044,11890.0,2130,457.0,1
22046,22046,16730.0,3640,271.0,1
22060,22060,9930.0,2120,22.0,1
22066,22066,18030.0,4660,240.0,1
22079,22079,33380.0,6490,481.0,1
22101,22101,29350.0,7270,483.0,1
22102,22102,22490.0,4860,461.0,1
22150,22150,27470.0,5150,845.0,1
22151,22151,17390.0,3770,598.0,1
22152,22152,28940.0,6410,488.0,1
22153,22153,32260.0,7560,401.0,1
22180,22180,24690.0,5560,386.0,1
22181,22181,14690.0,3530,237.0,1
22182,22182,25540.0,6310,383.0,1
22201,22201,31540.0,4780,442.0,1
22202,22202,19030.0,3230,244.0,1
22203,22203,19910.0,2970,347.0,1
22204,22204,46970.0,7210,1451.0,1
22205,22205,17380.0,3920,244.0,1
22206,22206,19280.0,3150,284.0,1
22207,22207,31470.0,7280,481.0,1
22209,22209,10840.0,1600,249.0,1
22211,22211,630.0,0,0.0,1
22213,22213,3320.0,760,32.0,1
22301,22301,12980.0,2910,161.0,1
22302,22302,16090.0,2940,238.0,1
22303,22303,14150.0,2370,278.0,1
22304,22304,42670.0,6570,1093.0,1
22305,22305,15520.0,2310,269.0,1
22306,22306,31310.0,4910,705.0,1
22307,22307,9770.0,2090,129.0,1
22308,22308,13570.0,3440,111.0,1
22309,22309,31980.0,5490,631.0,1
22310,22310,28420.0,5820,518.0,1
22311,22311,17150.0,2550,581.0,1
22312,22312,29310.0,4900,958.0,1
22314,22314,29600.0,5880,370.0,1
22315,22315,26950.0,5800,383.0,1
30002,30002,5600.0,1010,88.0,1
30008,30008,27380.0,3300,712.0,1
30021,30021,24670.0,3230,458.0,1
30022,30022,63230.0,14000,1135.0,1
30030,30030,25880.0,5200,401.0,1
30032,30032,36730.0,2620,639.0,1
30033,30033,24940.0,4980,522.0,1
30034,30034,39460.0,3320,569.0,1
30035,30035,18950.0,1290,332.0,1
30038,30038,34160.0,2950,438.0,1
30058,30058,49210.0,3610,656.0,1
30060,30060,33780.0,3760,961.0,1
30062,30062,63860.0,14160,1063.0,1
30064,30064,46110.0,10140,679.0,1
30066,30066,54970.0,11980,1054.0,1
30067,30067,42290.0,6350,1307.0,1
30068,30068,33070.0,7980,592.0,1
30071,30071,25540.0,3210,1018.0,1
30075,30075,53280.0,12550,869.0,1
30076,30076,43230.0,8090,855.0,1
30079,30079,2450.0,270,64.0,1
30080,30080,46450.0,7040,931.0,1
30082,30082,24800.0,4590,464.0,1
30083,30083,47920.0,4280,1098.0,1
30084,30084,37580.0,6020,1107.0,1
30087,30087,34770.0,5770,658.0,1
30088,30088,23470.0,2000,350.0,1
30092,30092,33600.0,5550,691.0,1
30093,30093,52290.0,5180,2335.0,1
30106,30106,19220.0,2200,383.0,1
30122,30122,20950.0,2510,358.0,1
30126,30126,37840.0,5610,640.0,1
30127,30127,61910.0,11350,878.0,1
30134,30134,40510.0,5820,495.0,1
30135,30135,59860.0,10120,776.0,1
30168,30168,24920.0,1890,412.0,1
30213,30213,31140.0,3190,384.0,1
30214,30214,28400.0,5440,491.0,1
30236,30236,42560.0,4880,768.0,1
30238,30238,35930.0,3140,541.0,1
30260,30260,23020.0,2330,795.0,1
30268,30268,9580.0,1380,129.0,1
30273,30273,15790.0,1510,312.0,1
30274,30274,30720.0,2120,579.0,1
30281,30281,61140.0,8860,1012.0,1
30288,30288,7600.0,610,122.0,1
30290,30290,8510.0,1990,108.0,1
30291,30291,20120.0,1200,242.0,1
30294,30294,37600.0,3860,558.0,1
30296,30296,25000.0,2070,377.0,1
30297,30297,25890.0,2060,642.0,1
30303,30303,1820.0,0,84.0,1
30305,30305,22030.0,4140,545.0,1
30306,30306,20280.0,3830,348.0,1
30307,30307,17030.0,3100,382.0,1
30308,30308,13790.0,1340,404.0,1
30309,30309,20290.0,2900,573.0,1
30310,30310,21010.0,950,363.0,1
30311,30311,26390.0,1500,367.0,1
30312,30312,16910.0,1590,456.0,1
30313,30313,3030.0,0,79.0,1
30314,30314,12060.0,370,151.0,1
30315,30315,25680.0,1260,376.0,1
30316,30316,26390.0,3000,690.0,1
30317,30317,11260.0,1640,209.0,1
30318,30318,39110.0,3900,764.0,1
30319,30319,37450.0,7200,611.0,1
30324,30324,23970.0,3080,566.0,1
30326,30326,5040.0,780,153.0,1
30327,30327,21760.0,5130,492.0,1
30328,30328,31810.0,6510,641.0,1
30329,30329,29520.0,3280,567.0,1
30331,30331,48060.0,3850,553.0,1
30336,30336,1240.0,0,37.0,1
30337,30337,9570.0,640,138.0,1
30338,30338,34190.0,7930,493.0,1
30339,30339,23860.0,3990,556.0,1
30340,30340,30050.0,3760,1300.0,1
30341,30341,29470.0,4220,937.0,1
30342,30342,30190.0,4920,610.0,1
30344,30344,27930.0,1970,458.0,1
30345,30345,23740.0,4100,534.0,1
30346,30346,4780.0,780,90.0,1
30349,30349,66300.0,4810,821.0,1
30350,30350,30940.0,4810,765.0,1
30354,30354,13760.0,830,212.0,1
30360,30360,15360.0,2400,488.0,1
30363,30363,2310.0,290,65.0,1
33009,33009,31890.0,4550,1752.0,1
33010,33010,37940.0,4140,1817.0,1
33012,33012,62200.0,7840,2979.0,1
33013,33013,29190.0,3550,1538.0,1
33014,33014,38080.0,5150,1492.0,1
33015,33015,59030.0,8030,2042.0,1
33016,33016,42980.0,5830,1862.0,1
33018,33018,45900.0,6610,1878.0,1
33019,33019,12650.0,2820,485.0,1
33020,33020,36120.0,4010,1337.0,1
33021,33021,41380.0,7020,1330.0,1
33023,33023,62570.0,6260,1312.0,1
33025,33025,61170.0,7070,1368.0,1
33054,33054,25950.0,1570,534.0,1
33055,33055,41120.0,4050,1438.0,1
33056,33056,33090.0,2170,515.0,1
33109,33109,410.0,0,187.0,1
33125,33125,43170.0,4420,2083.0,1
33126,33126,42520.0,5140,2028.0,1
33127,33127,24030.0,1370,676.0,1
33128,33128,5110.0,400,256.0,1
33129,33129,11920.0,2060,514.0,1
33130,33130,21170.0,2310,1363.0,1
33131,33131,15540.0,2630,825.0,1
33132,33132,7770.0,1130,523.0,1
33133,33133,28030.0,4620,1065.0,1
33134,33134,35570.0,6190,1464.0,1
33135,33135,27790.0,3030,1466.0,1
33136,33136,10850.0,680,324.0,1
33137,33137,16490.0,1950,953.0,1
33138,33138,23880.0,3210,863.0,1
33139,33139,27090.0,3570,1736.0,1
33140,33140,17380.0,3230,755.0,1
33141,33141,29460.0,4100,1653.0,1
33142,33142,44790.0,2880,1517.0,1
33143,33143,26430.0,4760,928.0,1
33144,33144,23450.0,3070,1219.0,1
33145,33145,25590.0,3590,1271.0,1
33146,33146,10010.0,2300,226.0,1
33147,33147,43340.0,2730,1138.0,1
33149,33149,11240.0,2450,320.0,1
33150,33150,24530.0,1730,463.0,1
33154,33154,12150.0,2290,465.0,1
33155,33155,41220.0,6470,1804.0,1
33156,33156,29430.0,6260,836.0,1
33157,33157,60480.0,9170,1649.0,1
33158,33158,6430.0,1550,112.0,1
33160,33160,32380.0,5930,1829.0,1
33161,33161,46800.0,4430,1119.0,1
33162,33162,40970.0,4450,1257.0,1
33165,33165,50710.0,7780,2284.0,1
33166,33166,22220.0,3580,946.0,1
33167,33167,17790.0,1400,370.0,1
33168,33168,25400.0,2380,538.0,1
33169,33169,38020.0,2880,810.0,1
33172,33172,37900.0,5020,1673.0,1
33173,33173,29710.0,5060,946.0,1
33174,33174,26640.0,3750,1162.0,1
33175,33175,50630.0,8260,2064.0,1
33176,33176,46890.0,8120,1264.0,1
33178,33178,41830.0,7880,1663.0,1
33179,33179,37240.0,4950,1426.0,1
33180,33180,25840.0,5180,1237.0,1
33181,33181,15500.0,2000,669.0,1
33182,33182,13380.0,2260,452.0,1
33183,33183,34040.0,5250,1230.0,1
33184,33184,19510.0,2930,937.0,1
33185,33185,26580.0,4680,819.0,1
33186,33186,63130.0,10750,2021.0,1
33189,33189,22740.0,3260,619.0,1
33193,33193,44430.0,6500,1640.0,1
33194,33194,5430.0,910,190.0,1
33196,33196,45390.0,7610,1458.0,1
39520,39520,10660.0,1800,193.0,1
39572,39572,880.0,0,38.0,1
46311,46311,20690.0,4910,165.0,1
46312,46312,22310.0,2050,174.0,1
46319,46319,16480.0,3010,139.0,1
46320,46320,10910.0,910,101.0,1
46321,46321,22790.0,5150,236.0,1
46322,46322,22510.0,4640,182.0,1
46323,46323,19660.0,2790,221.0,1
46324,46324,19540.0,2670,192.0,1
46327,46327,10070.0,1230,96.0,1
46375,46375,22710.0,5100,211.0,1
46394,46394,10410.0,1610,98.0,1
46402,46402,3940.0,0,23.0,1
46404,46404,12380.0,940,71.0,1
46406,46406,6990.0,630,59.0,1
46407,46407,7990.0,400,56.0,1
46408,46408,12360.0,1370,88.0,1
60004,60004,52270.0,12220,673.0,1
60005,60005,29710.0,6290,660.0,1
60007,60007,33970.0,7350,697.0,1
60008,60008,24150.0,4450,370.0,1
60010,60010,44190.0,11270,558.0,1
60015,60015,27390.0,6700,400.0,1
60016,60016,60340.0,12070,1888.0,1
60018,60018,32290.0,5550,628.0,1
60022,60022,8420.0,2120,158.0,1
60025,60025,40350.0,9200,777.0,1
60026,60026,13620.0,3290,182.0,1
60035,60035,30480.0,7310,500.0,1
60043,60043,2550.0,600,87.0,1
60053,60053,23860.0,5550,500.0,1
60056,60056,58850.0,12320,1290.0,1
60062,60062,41250.0,10300,737.0,1
60067,60067,38750.0,8760,476.0,1
60068,60068,38000.0,8830,632.0,1
60070,60070,17950.0,3320,414.0,1
60074,60074,40420.0,7080,861.0,1
60076,60076,33850.0,6970,776.0,1
60077,60077,26400.0,5160,662.0,1
60089,60089,42480.0,10030,672.0,1
60090,60090,41300.0,7300,894.0,1
60091,60091,27940.0,6730,401.0,1
60093,60093,20170.0,4730,397.0,1
60101,60101,40810.0,6990,709.0,1
60104,60104,18590.0,1590,167.0,1
60106,60106,23060.0,3380,411.0,1
60108,60108,21640.0,4780,331.0,1
60126,60126,45780.0,10480,471.0,1
60130,60130,12240.0,1650,232.0,1
60131,60131,18840.0,3170,582.0,1
60133,60133,41640.0,6710,426.0,1
60137,60137,38670.0,8890,417.0,1
60139,60139,35260.0,5850,524.0,1
60143,60143,10970.0,2400,207.0,1
60148,60148,50490.0,10620,589.0,1
60153,60153,21920.0,1650,219.0,1
60154,60154,16540.0,3380,189.0,1
60155,60155,7450.0,700,79.0,1
60157,60157,2600.0,630,49.0,1
60160,60160,25560.0,3150,348.0,1
60162,60162,8040.0,1020,82.0,1
60163,60163,5530.0,780,92.0,1
60164,60164,22480.0,3450,411.0,1
60165,60165,4940.0,590,52.0,1
60169,60169,33860.0,6650,481.0,1
60171,60171,9950.0,1790,691.0,1
60172,60172,24380.0,5300,405.0,1
60173,60173,13130.0,2710,265.0,1
60176,60176,11770.0,2140,842.0,1
60181,60181,29830.0,5430,377.0,1
60187,60187,26240.0,6020,275.0,1
60188,60188,44110.0,8820,522.0,1
60191,60191,14730.0,2950,369.0,1
60192,60192,16160.0,4090,179.0,1
60193,60193,39110.0,8490,594.0,1
60194,60194,19790.0,4090,264.0,1
60195,60195,5060.0,1090,106.0,1
60201,60201,32450.0,6490,463.0,1
60202,60202,30090.0,5360,556.0,1
60203,60203,4400.0,980,68.0,1
60301,60301,2000.0,310,23.0,1
60302,60302,30100.0,5820,387.0,1
60304,60304,17190.0,3450,185.0,1
60305,60305,10580.0,2360,152.0,1
60402,60402,61880.0,8500,903.0,1
60406,60406,23330.0,2490,248.0,1
60409,60409,31840.0,2380,320.0,1
60411,60411,51280.0,4950,372.0,1
60415,60415,12770.0,2070,372.0,1
60419,60419,20130.0,1200,240.0,1
60422,60422,9410.0,1840,109.0,1
60425,60425,7980.0,900,60.0,1
60426,60426,23160.0,1550,215.0,1
60428,60428,10860.0,830,87.0,1
60429,60429,13550.0,1200,126.0,1
60430,60430,18650.0,3260,184.0,1
60438,60438,27000.0,3940,301.0,1
60439,60439,22700.0,5530,424.0,1
60443,60443,18990.0,2420,196.0,1
60445,60445,23190.0,3920,278.0,1
60448,60448,24840.0,5930,224.0,1
60452,60452,26460.0,5290,306.0,1
60453,60453,54130.0,10090,988.0,1
60455,60455,15840.0,2830,480.0,1
60456,60456,3910.0,590,37.0,1
60457,60457,13600.0,2760,416.0,1
60458,60458,13110.0,1930,423.0,1
60459,60459,28220.0,5160,735.0,1
60461,60461,4250.0,840,51.0,1
60462,60462,38800.0,8580,647.0,1
60463,60463,13620.0,3360,155.0,1
60464,60464,9390.0,2370,124.0,1
60465,60465,16930.0,3360,515.0,1
60467,60467,25990.0,6340,302.0,1
60469,60469,5690.0,750,62.0,1
60472,60472,3630.0,0,32.0,1
60473,60473,20590.0,2350,215.0,1
60476,60476,2180.0,400,26.0,1
60477,60477,36540.0,7570,434.0,1
60478,60478,15320.0,1430,152.0,1
60480,60480,5210.0,1200,94.0,1
60482,60482,10270.0,1780,232.0,1
60487,60487,26570.0,5970,255.0,1
60501,60501,11860.0,1470,197.0,1
60513,60513,18940.0,3680,328.0,1
60514,60514,9880.0,2120,139.0,1
60515,60515,27400.0,6100,425.0,1
60516,60516,28700.0,6800,406.0,1
60521,60521,17930.0,4210,294.0,1
60523,60523,9740.0,2480,164.0,1
60525,60525,31280.0,6440,558.0,1
60526,60526,13100.0,2860,158.0,1
60527,60527,27810.0,6120,808.0,1
60534,60534,10020.0,1440,330.0,1
60546,60546,16130.0,3220,214.0,1
60558,60558,13520.0,3310,142.0,1
60559,60559,24190.0,4620,434.0,1
60561,60561,23130.0,5420,450.0,1
60601,60601,10560.0,1980,208.0,1
60602,60602,1760.0,290,32.0,1
60603,60603,1960.0,380,46.0,1
60604,60604,920.0,0,71.0,1
60605,60605,20000.0,3890,293.0,1
60606,60606,3520.0,630,54.0,1
60607,60607,19800.0,3410,308.0,1
60608,60608,61330.0,7290,1232.0,1
60609,60609,56260.0,5590,695.0,1
60610,60610,31070.0,4090,482.0,1
60611,60611,26500.0,5010,579.0,1
60612,60612,26800.0,1880,538.0,1
60613,60613,42110.0,5970,984.0,1
60614,60614,53340.0,8890,879.0,1
60615,60615,31470.0,3190,577.0,1
60616,60616,40820.0,6410,1220.0,1
60617,60617,69500.0,6190,783.0,1
60618,60618,85240.0,12970,2209.0,1
60619,60619,52000.0,2440,491.0,1
60620,60620,56020.0,2450,418.0,1
60621,60621,22860.0,450,143.0,1
60622,60622,44820.0,6250,1474.0,1
60623,60623,80760.0,6270,757.0,1
60624,60624,29590.0,730,177.0,1
60625,60625,69600.0,10880,2268.0,1
60626,60626,39790.0,4830,1305.0,1
60628,60628,55660.0,2840,453.0,1
60629,60629,114420.0,12450,1412.0,1
60630,60630,51580.0,9370,1910.0,1
60631,60631,28160.0,5950,485.0,1
60632,60632,91840.0,11200,1444.0,1
60633,60633,11360.0,1480,128.0,1
60634,60634,73400.0,12740,3635.0,1
60636,60636,29920.0,990,297.0,1
60637,60637,35080.0,1970,360.0,1
60638,60638,54020.0,8890,997.0,1
60639,60639,89970.0,8720,1363.0,1
60640,60640,53460.0,7310,1778.0,1
60641,60641,68520.0,9780,2688.0,1
60642,60642,16390.0,2160,329.0,1
60643,60643,44610.0,5000,429.0,1
60644,60644,38650.0,1110,285.0,1
60645,60645,44360.0,7040,1173.0,1
60646,60646,26310.0,5660,539.0,1
60647,60647,75380.0,9430,1876.0,1
60649,60649,34350.0,1390,401.0,1
60651,60651,56530.0,3430,644.0,1
60652,60652,40870.0,4850,421.0,1
60653,60653,24890.0,1160,269.0,1
60654,60654,15350.0,2240,226.0,1
60655,60655,27490.0,5500,169.0,1
60656,60656,26910.0,5480,1525.0,1
60657,60657,56890.0,8610,1099.0,1
60659,60659,36620.0,6030,1522.0,1
60660,60660,34850.0,5100,1503.0,1
60661,60661,8870.0,1440,118.0,1
60706,60706,22540.0,4760,984.0,1
60707,60707,40600.0,6710,1450.0,1
60712,60712,12470.0,2840,368.0,1
60714,60714,28900.0,6020,935.0,1
60803,60803,20720.0,3240,253.0,1
60804,60804,83240.0,9550,1029.0,1
60805,60805,19010.0,3180,161.0,1
60827,60827,21840.0,900,153.0,1
70001,70001,32760.0,5580,783.0,1
70002,70002,17160.0,3090,498.0,1
70003,70003,35710.0,6610,797.0,1
70005,70005,21550.0,4350,518.0,1
70006,70006,14070.0,2730,347.0,1
70031,70031,1190.0,0,0.0,1
70032,70032,3560.0,520,77.0,1
70037,70037,14770.0,2920,171.0,1
70040,70040,880.0,0,23.0,1
70043,70043,15960.0,1970,253.0,1
70053,70053,12720.0,1440,290.0,1
70056,70056,35110.0,4920,672.0,1
70058,70058,35770.0,4280,515.0,1
70062,70062,13860.0,1460,347.0,1
70065,70065,45310.0,7840,1084.0,1
70067,70067,2550.0,540,53.0,1
70070,70070,12460.0,2570,114.0,1
70072,70072,48900.0,6960,700.0,1
70075,70075,4580.0,800,57.0,1
70085,70085,3440.0,600,103.0,1
70087,70087,7000.0,1040,100.0,1
70092,70092,6070.0,690,109.0,1
70094,70094,26920.0,3130,363.0,1
70112,70112,2730.0,260,58.0,1
70113,70113,5370.0,260,88.0,1
70114,70114,17670.0,1340,228.0,1
70115,70115,24370.0,3700,668.0,1
70116,70116,7310.0,570,321.0,1
70117,70117,20630.0,1240,612.0,1
70118,70118,21930.0,3010,531.0,1
70119,70119,26390.0,2280,899.0,1
70121,70121,9380.0,1290,219.0,1
70122,70122,26860.0,2690,450.0,1
70123,70123,23750.0,4770,372.0,1
70124,70124,18850.0,4220,394.0,1
70125,70125,11650.0,1250,257.0,1
70126,70126,23090.0,1480,276.0,1
70127,70127,18620.0,1120,207.0,1
70128,70128,15660.0,1530,198.0,1
70129,70129,7600.0,970,257.0,1
70130,70130,10410.0,1330,425.0,1
70131,70131,22810.0,3100,331.0,1
70445,70445,8990.0,1800,126.0,1
70452,70452,10900.0,2260,143.0,1
70458,70458,31590.0,6050,460.0,1
70460,70460,19250.0,3120,296.0,1
70461,70461,25390.0,4750,300.0,1
76574,76574,17030.0,3110,238.0,1
77002,77002,5850.0,890,152.0,1
77003,77003,8760.0,1000,178.0,1
77004,77004,21460.0,2400,341.0,1
77005,77005,23920.0,5900,333.0,1
77006,77006,17710.0,2840,555.0,1
77007,77007,32250.0,5810,673.0,1
77008,77008,29530.0,6010,590.0,1
77009,77009,32610.0,4520,888.0,1
77010,77010,730.0,0,0.0,1
77011,77011,16280.0,1990,511.0,1
77012,77012,17870.0,2260,537.0,1
77013,77013,15910.0,1900,442.0,1
77014,77014,30110.0,3480,700.0,1
77015,77015,53940.0,7470,935.0,1
77016,77016,26400.0,2160,499.0,1
77017,77017,30460.0,4140,949.0,1
77018,77018,24600.0,4730,484.0,1
77019,77019,18600.0,3400,372.0,1
77020,77020,22730.0,2420,465.0,1
77021,77021,22520.0,1760,330.0,1
77022,77022,25150.0,2860,827.0,1
77023,77023,24460.0,3370,617.0,1
77024,77024,35290.0,8110,582.0,1
77025,77025,23280.0,4650,322.0,1
77026,77026,20590.0,1530,511.0,1
77027,77027,13480.0,2580,313.0,1
77028,77028,16390.0,1210,317.0,1
77029,77029,17060.0,2170,327.0,1
77030,77030,9250.0,2040,126.0,1
77031,77031,14350.0,1930,399.0,1
77032,77032,13300.0,1470,256.0,1
77033,77033,26460.0,1870,339.0,1
77034,77034,35100.0,4750,671.0,1
77035,77035,32110.0,4290,778.0,1
77036,77036,59100.0,7560,2414.0,1
77037,77037,18820.0,2630,736.0,1
77038,77038,27980.0,3710,833.0,1
77039,77039,27510.0,3540,683.0,1
77040,77040,46440.0,7540,1030.0,1
77041,77041,36530.0,6890,1004.0,1
77042,77042,36530.0,5400,991.0,1
77043,77043,27200.0,5050,639.0,1
77044,77044,41010.0,7070,496.0,1
77045,77045,30570.0,3510,680.0,1
77046,77046,2180.0,450,29.0,1
77047,77047,26180.0,2800,414.0,1
77048,77048,15130.0,1300,212.0,1
77049,77049,33210.0,4870,562.0,1
77050,77050,4650.0,570,107.0,1
77051,77051,13660.0,650,122.0,1
77053,77053,29170.0,3300,763.0,1
77054,77054,15410.0,1880,250.0,1
77055,77055,38940.0,6070,1051.0,1
77056,77056,19690.0,4330,479.0,1
77057,77057,33600.0,5580,927.0,1
77058,77058,14990.0,2460,273.0,1
77059,77059,17070.0,4400,175.0,1
77060,77060,37280.0,3900,942.0,1
77061,77061,21120.0,2520,549.0,1
77062,77062,24480.0,5560,231.0,1
77063,77063,29830.0,4560,952.0,1
77064,77064,46270.0,8080,1009.0,1
77065,77065,33840.0,5660,620.0,1
77066,77066,32420.0,5180,892.0,1
77067,77067,29160.0,3100,680.0,1
77068,77068,10190.0,1990,177.0,1
77069,77069,16180.0,3350,302.0,1
77070,77070,46490.0,8740,816.0,1
77071,77071,24900.0,3290,639.0,1
77072,77072,53090.0,7030,2288.0,1
77073,77073,41290.0,5010,736.0,1
77074,77074,33270.0,4540,1168.0,1
77075,77075,38070.0,5420,871.0,1
77076,77076,30710.0,3920,1158.0,1
77077,77077,51970.0,9850,1003.0,1
77078,77078,14000.0,1220,222.0,1
77079,77079,31780.0,6830,518.0,1
77080,77080,41490.0,5790,1180.0,1
77081,77081,41300.0,5170,1499.0,1
77082,77082,48730.0,6840,1238.0,1
77083,77083,69960.0,10750,2524.0,1
77084,77084,98020.0,16590,2290.0,1
77085,77085,16960.0,2220,556.0,1
77086,77086,27510.0,3690,850.0,1
77087,77087,34500.0,4490,827.0,1
77088,77088,51110.0,5800,1109.0,1
77089,77089,49880.0,8390,813.0,1
77090,77090,34400.0,3210,483.0,1
77091,77091,23410.0,2160,445.0,1
77092,77092,31450.0,4140,886.0,1
77093,77093,44880.0,5530,1428.0,1
77094,77094,10390.0,2640,162.0,1
77095,77095,67710.0,13620,997.0,1
77096,77096,30820.0,5670,561.0,1
77098,77098,12640.0,2160,341.0,1
77099,77099,44690.0,5660,1458.0,1
77301,77301,28280.0,3900,546.0,1
77302,77302,17330.0,3580,293.0,1
77304,77304,24800.0,5370,312.0,1
77306,77306,11450.0,1940,234.0,1
77316,77316,22220.0,5370,216.0,1
77327,77327,18130.0,3280,329.0,1
77336,77336,13270.0,2890,178.0,1
77338,77338,37110.0,4820,624.0,1
77339,77339,38370.0,8350,468.0,1
77345,77345,27570.0,6960,226.0,1
77346,77346,59990.0,12390,497.0,1
77354,77354,34830.0,7730,516.0,1
77355,77355,25740.0,5910,379.0,1
77357,77357,22740.0,4190,503.0,1
77362,77362,5150.0,1110,96.0,1
77363,77363,2990.0,590,54.0,1
77365,77365,33590.0,6810,647.0,1
77372,77372,11200.0,2110,140.0,1
77373,77373,54780.0,9110,791.0,1
77375,77375,48470.0,9560,707.0,1
77377,77377,36100.0,8150,500.0,1
77379,77379,75890.0,17140,973.0,1
77380,77380,23210.0,4700,361.0,1
77381,77381,33190.0,8420,376.0,1
77382,77382,35530.0,8400,377.0,1
77384,77384,16450.0,3870,205.0,1
77385,77385,22630.0,4770,308.0,1
77386,77386,49890.0,10580,503.0,1
77388,77388,44360.0,9230,636.0,1
77389,77389,32500.0,7600,344.0,1
77396,77396,48240.0,7170,728.0,1
77401,77401,17600.0,4300,243.0,1
77406,77406,41370.0,9760,448.0,1
77407,77407,49440.0,9890,682.0,1
77423,77423,11330.0,1970,191.0,1
77429,77429,81460.0,17790,884.0,1
77433,77433,80530.0,16650,868.0,1
77441,77441,15080.0,4030,119.0,1
77445,77445,11550.0,1960,211.0,1
77447,77447,14950.0,2970,250.0,1
77449,77449,109280.0,17460,2276.0,1
77450,77450,68110.0,15080,884.0,1
77459,77459,67720.0,14840,835.0,1
77469,77469,43300.0,7970,520.0,1
77471,77471,37300.0,5570,524.0,1
77477,77477,31450.0,5030,653.0,1
77478,77478,24480.0,6020,477.0,1
77479,77479,85720.0,21360,984.0,1
77484,77484,11510.0,2390,233.0,1
77485,77485,2950.0,590,37.0,1
77489,77489,35270.0,3990,561.0,1
77493,77493,30090.0,6120,400.0,1
77494,77494,104450.0,24560,820.0,1
77498,77498,47470.0,9400,940.0,1
77502,77502,36960.0,5480,624.0,1
77503,77503,22990.0,3410,296.0,1
77504,77504,21030.0,3280,306.0,1
77505,77505,21730.0,4410,256.0,1
77506,77506,33980.0,4460,695.0,1
77510,77510,13170.0,2840,151.0,1
77511,77511,43690.0,8370,597.0,1
77517,77517,5500.0,1250,54.0,1
77518,77518,9060.0,1480,205.0,1
77520,77520,36510.0,5150,351.0,1
77521,77521,54410.0,8940,477.0,1
77523,77523,21420.0,4670,105.0,1
77530,77530,31680.0,4550,592.0,1
77532,77532,27850.0,5520,344.0,1
77535,77535,28170.0,5600,290.0,1
77536,77536,32130.0,6570,245.0,1
77539,77539,39890.0,7320,625.0,1
77545,77545,22550.0,2800,414.0,1
77546,77546,50610.0,11420,577.0,1
77547,77547,9550.0,1370,203.0,1
77562,77562,10470.0,1950,90.0,1
77565,77565,6530.0,1440,121.0,1
77571,77571,34370.0,6590,331.0,1
77573,77573,81300.0,17950,771.0,1
77578,77578,17370.0,3580,245.0,1
77581,77581,44430.0,9420,556.0,1
77583,77583,24640.0,4280,453.0,1
77584,77584,80610.0,16610,855.0,1
77586,77586,21330.0,4660,385.0,1
77587,77587,15750.0,2260,370.0,1
77591,77591,12460.0,1410,99.0,1
77598,77598,19780.0,2730,300.0,1
77868,77868,12170.0,1940,149.0,1
78602,78602,24970.0,5060,435.0,1
78610,78610,33850.0,7130,466.0,1
78612,78612,12820.0,2430,293.0,1
78613,78613,76750.0,16540,936.0,1
78615,78615,1340.0,280,21.0,1
78616,78616,8000.0,1320,231.0,1
78617,78617,23020.0,3130,544.0,1
78619,78619,4390.0,1200,66.0,1
78620,78620,16330.0,4140,319.0,1
78621,78621,22140.0,3990,311.0,1
78626,78626,26860.0,5040,379.0,1
78628,78628,29300.0,7320,265.0,1
78634,78634,30480.0,5730,374.0,1
78640,78640,50950.0,8880,784.0,1
78641,78641,56470.0,12430,632.0,1
78642,78642,12640.0,3020,203.0,1
78644,78644,16210.0,2820,266.0,1
78645,78645,10640.0,2670,193.0,1
78652,78652,4400.0,1030,89.0,1
78653,78653,20120.0,3210,400.0,1
78654,78654,17240.0,3670,454.0,1
78656,78656,2150.0,330,34.0,1
78660,78660,82260.0,15230,1277.0,1
78664,78664,55090.0,9330,770.0,1
78665,78665,43350.0,9140,427.0,1
78666,78666,48200.0,7390,902.0,1
78669,78669,9640.0,2570,226.0,1
78676,78676,12630.0,3250,315.0,1
78681,78681,53580.0,11870,527.0,1
78701,78701,6630.0,1030,195.0,1
78702,78702,18940.0,2000,632.0,1
78703,78703,18560.0,3830,543.0,1
78704,78704,38640.0,5430,1333.0,1
78705,78705,6900.0,810,339.0,1
78717,78717,29600.0,6590,358.0,1
78719,78719,1950.0,280,55.0,1
78721,78721,9840.0,920,288.0,1
78722,78722,5220.0,800,207.0,1
78723,78723,27700.0,3830,583.0,1
78724,78724,23860.0,2650,618.0,1
78725,78725,7890.0,1050,150.0,1
78726,78726,13110.0,2630,154.0,1
78727,78727,26240.0,5120,493.0,1
78728,78728,20470.0,3090,438.0,1
78729,78729,26820.0,4870,524.0,1
78730,78730,8890.0,2140,117.0,1
78731,78731,24180.0,5380,442.0,1
78732,78732,16880.0,4030,178.0,1
78733,78733,9100.0,2150,159.0,1
78734,78734,19960.0,4820,452.0,1
78735,78735,15920.0,3500,291.0,1
78736,78736,7420.0,1670,163.0,1
78737,78737,16930.0,4430,199.0,1
78738,78738,20550.0,5170,309.0,1
78739,78739,19630.0,5000,165.0,1
78741,78741,37370.0,3150,1112.0,1
78742,78742,810.0,0,8.0,1
78744,78744,43120.0,5050,946.0,1
78745,78745,51000.0,7760,1505.0,1
78746,78746,27130.0,6410,528.0,1
78747,78747,17380.0,2880,306.0,1
78748,78748,44040.0,8070,932.0,1
78749,78749,32970.0,7170,382.0,1
78750,78750,26950.0,5930,421.0,1
78751,78751,10890.0,1510,451.0,1
78752,78752,16150.0,1800,487.0,1
78753,78753,50760.0,6520,1404.0,1
78754,78754,20490.0,3240,478.0,1
78756,78756,7160.0,1290,203.0,1
78757,78757,20470.0,3900,444.0,1
78758,78758,43300.0,5530,1095.0,1
78759,78759,38670.0,7920,635.0,1
80002,80002,17140.0,2930,352.0,1
80003,80003,33610.0,6320,557.0,1
80004,80004,33620.0,7370,520.0,1
80005,80005,27280.0,6640,358.0,1
80007,80007,10950.0,2940,98.0,1
80010,80010,40540.0,4670,929.0,1
80011,80011,51740.0,6580,1101.0,1
80012,80012,47070.0,6460,1092.0,1
80013,80013,70290.0,13050,989.0,1
80014,80014,35970.0,6150,801.0,1
80015,80015,64580.0,13840,817.0,1
80016,80016,51420.0,12150,469.0,1
80017,80017,35000.0,5230,560.0,1
80018,80018,12330.0,2660,121.0,1
80019,80019,2400.0,420,31.0,1
80020,80020,47620.0,10400,643.0,1
80021,80021,30350.0,6350,401.0,1
80022,80022,49830.0,7910,709.0,1
80023,80023,19830.0,5010,203.0,1
80027,80027,32270.0,7230,591.0,1
80030,80030,14250.0,2090,248.0,1
80031,80031,34190.0,6820,520.0,1
80033,80033,22600.0,4010,560.0,1
80045,80045,520.0,0,0.0,1
80102,80102,5480.0,1270,90.0,1
80108,80108,26400.0,6680,251.0,1
80110,80110,19900.0,2980,500.0,1
80111,80111,30680.0,6900,472.0,1
80112,80112,30580.0,6370,384.0,1
80113,80113,18640.0,3530,465.0,1
80120,80120,27340.0,5560,488.0,1
80121,80121,17570.0,4260,275.0,1
80122,80122,29930.0,7030,363.0,1
80123,80123,42920.0,9490,636.0,1
80124,80124,20200.0,4670,253.0,1
80125,80125,10390.0,2720,87.0,1
80126,80126,43160.0,10250,505.0,1
80127,80127,43810.0,10730,510.0,1
80128,80128,35760.0,7990,536.0,1
80129,80129,28330.0,6720,241.0,1
80130,80130,27380.0,6430,299.0,1
80134,80134,63980.0,15070,556.0,1
80135,80135,3710.0,1050,86.0,1
80137,80137,1120.0,260,35.0,1
80138,80138,30600.0,7350,338.0,1
80202,80202,10700.0,1500,301.0,1
80203,80203,15930.0,1290,563.0,1
80204,80204,26530.0,2850,668.0,1
80205,80205,27750.0,3250,597.0,1
80206,80206,21450.0,3650,675.0,1
80207,80207,20600.0,3260,316.0,1
80209,80209,21170.0,4040,580.0,1
80210,80210,29450.0,5940,601.0,1
80211,80211,30010.0,4660,665.0,1
80212,80212,16670.0,3000,467.0,1
80214,80214,22580.0,2970,627.0,1
80215,80215,17330.0,3400,319.0,1
80216,80216,13100.0,1330,265.0,1
80218,80218,15550.0,1850,523.0,1
80219,80219,64150.0,8070,1432.0,1
80220,80220,33250.0,5880,706.0,1
80221,80221,39630.0,5580,897.0,1
80222,80222,18420.0,3020,499.0,1
80223,80223,18370.0,2290,499.0,1
80224,80224,16470.0,2910,344.0,1
80226,80226,29970.0,5000,705.0,1
80227,80227,32620.0,6220,581.0,1
80228,80228,31230.0,6760,451.0,1
80229,80229,51080.0,7620,897.0,1
80230,80230,7790.0,1490,145.0,1
80231,80231,31490.0,4640,755.0,1
80232,80232,20540.0,3920,437.0,1
80233,80233,44450.0,7820,604.0,1
80234,80234,25850.0,4800,405.0,1
80235,80235,6760.0,1210,93.0,1
80236,80236,14980.0,2470,285.0,1
80237,80237,19230.0,3390,438.0,1
80238,80238,19370.0,4370,108.0,1
80239,80239,44530.0,5400,819.0,1
80241,80241,30690.0,6380,380.0,1
80246,80246,11510.0,1460,335.0,1
80247,80247,23950.0,3130,637.0,1
80249,80249,30040.0,4560,321.0,1
80260,80260,33800.0,4570,703.0,1
80401,80401,34050.0,7620,651.0,1
80403,80403,19020.0,4830,281.0,1
80433,80433,8200.0,2250,181.0,1
80439,80439,21930.0,5790,400.0,1
80457,80457,810.0,0,35.0,1
80465,80465,15100.0,3830,243.0,1
80601,80601,36160.0,6700,399.0,1
80602,80602,33800.0,8060,298.0,1
80603,80603,12910.0,2730,152.0,1
80621,80621,13060.0,2430,178.0,1
80640,80640,12220.0,2290,224.0,1
80642,80642,3760.0,840,71.0,1
80643,80643,2770.0,660,37.0,1
90001,90001,53610.0,5050,1050.0,1
90002,90002,47820.0,3960,775.0,1
90003,90003,65150.0,5300,1286.0,1
90004,90004,50840.0,6910,2753.0,1
90005,90005,29510.0,3910,1600.0,1
90006,90006,47070.0,5440,2366.0,1
90007,90007,23630.0,2310,907.0,1
90008,90008,26800.0,2390,622.0,1
90010,90010,3830.0,690,299.0,1
90011,90011,95430.0,8770,1960.0,1
90012,90012,17690.0,2500,711.0,1
90013,90013,5930.0,660,430.0,1
90014,90014,4530.0,480,376.0,1
90015,90015,14730.0,1530,697.0,1
90016,90016,42840.0,4670,1390.0,1
90017,90017,17030.0,1750,715.0,1
90018,90018,42980.0,4520,1517.0,1
90019,90019,53590.0,6910,2449.0,1
90020,90020,32210.0,4770,1859.0,1
90021,90021,2100.0,0,128.0,1
90022,90022,64080.0,7040,1188.0,1
90023,90023,44630.0,4590,847.0,1
90024,90024,23430.0,4380,960.0,1
90025,90025,40340.0,6430,1756.0,1
90026,90026,53570.0,6510,2932.0,1
90027,90027,35620.0,5290,2157.0,1
90028,90028,21580.0,2240,1610.0,1
90029,90029,30760.0,3550,1714.0,1
90031,90031,33780.0,4330,991.0,1
90032,90032,39560.0,5010,871.0,1
90033,90033,40330.0,3980,900.0,1
90034,90034,50140.0,7230,2242.0,1
90035,90035,25240.0,4370,1154.0,1
90036,90036,31180.0,5030,1643.0,1
90037,90037,54810.0,4780,1370.0,1
90038,90038,22680.0,2450,1235.0,1
90039,90039,25530.0,4230,1097.0,1
90040,90040,12000.0,1480,234.0,1
90041,90041,23550.0,4170,762.0,1
90042,90042,52340.0,7450,1601.0,1
90043,90043,40090.0,4140,863.0,1
90044,90044,81240.0,6440,1602.0,1
90045,90045,33300.0,6480,841.0,1
90046,90046,36440.0,4680,2942.0,1
90047,90047,45590.0,3910,871.0,1
90048,90048,18440.0,2840,1189.0,1
90049,90049,30400.0,6180,1154.0,1
90056,90056,7670.0,1230,203.0,1
90057,90057,31440.0,3390,1603.0,1
90058,90058,3400.0,290,92.0,1
90059,90059,38730.0,3190,597.0,1
90061,90061,26720.0,2140,482.0,1
90062,90062,29430.0,2940,900.0,1
90063,90063,49530.0,5370,978.0,1
90064,90064,25700.0,5160,884.0,1
90065,90065,41580.0,6370,1174.0,1
90066,90066,49160.0,8630,2032.0,1
90067,90067,5450.0,1160,172.0,1
90068,90068,16840.0,2810,1157.0,1
90069,90069,17470.0,2120,1246.0,1
90077,90077,7560.0,1840,227.0,1
90094,90094,6130.0,1260,125.0,1
90201,90201,94760.0,10450,1871.0,1
90210,90210,16900.0,3770,730.0,1
90211,90211,9850.0,1770,471.0,1
90212,90212,12610.0,2330,610.0,1
90220,90220,48560.0,4550,764.0,1
90221,90221,53260.0,5100,717.0,1
90222,90222,30020.0,2670,469.0,1
90230,90230,29350.0,5300,800.0,1
90232,90232,14950.0,2680,634.0,1
90240,90240,24890.0,4080,631.0,1
90241,90241,42470.0,6080,1125.0,1
90242,90242,40300.0,5630,856.0,1
90245,90245,17580.0,3420,395.0,1
90247,90247,45700.0,5770,1220.0,1
90248,90248,10660.0,1700,305.0,1
90249,90249,26340.0,3640,609.0,1
90250,90250,89500.0,10990,1978.0,1
90254,90254,17320.0,3280,599.0,1
90255,90255,74910.0,8020,1458.0,1
90260,90260,32420.0,4500,892.0,1
90262,90262,67640.0,7430,1234.0,1
90265,90265,12660.0,2810,583.0,1
90266,90266,33720.0,7590,692.0,1
90270,90270,26860.0,2900,516.0,1
90272,90272,20520.0,4900,674.0,1
90274,90274,25570.0,6510,454.0,1
90275,90275,39270.0,9900,720.0,1
90277,90277,33140.0,6810,997.0,1
90278,90278,38730.0,7880,902.0,1
90280,90280,92990.0,11270,1880.0,1
90290,90290,5410.0,1200,315.0,1
90291,90291,21930.0,3240,1383.0,1
90292,90292,19410.0,3470,982.0,1
90293,90293,10690.0,1900,422.0,1
90301,90301,33280.0,3440,959.0,1
90302,90302,26260.0,2520,715.0,1
90303,90303,24150.0,2490,516.0,1
90304,90304,26130.0,3050,613.0,1
90305,90305,13930.0,1410,252.0,1
90401,90401,6470.0,840,380.0,1
90402,90402,9590.0,2150,352.0,1
90403,90403,21740.0,3690,1093.0,1
90404,90404,18340.0,2600,817.0,1
90405,90405,24020.0,4110,991.0,1
90501,90501,41320.0,6930,881.0,1
90502,90502,16820.0,2920,467.0,1
90503,90503,42600.0,9460,784.0,1
90504,90504,32850.0,6260,643.0,1
90505,90505,35320.0,7950,799.0,1
90601,90601,29570.0,4820,557.0,1
90602,90602,22540.0,3130,353.0,1
90605,90605,40260.0,6120,567.0,1
90606,90606,31480.0,4430,520.0,1
90630,90630,47970.0,10090,853.0,1
90640,90640,59770.0,8010,1312.0,1
90650,90650,101180.0,14640,1819.0,1
90660,90660,60730.0,8360,996.0,1
90670,90670,15990.0,2460,260.0,1
90701,90701,15630.0,2690,423.0,1
90703,90703,49240.0,10960,1113.0,1
90706,90706,73270.0,9650,1362.0,1
90710,90710,24350.0,3860,600.0,1
90712,90712,30420.0,5700,478.0,1
90713,90713,27580.0,5700,332.0,1
90715,90715,19580.0,3000,386.0,1
90716,90716,13920.0,1590,228.0,1
90717,90717,19730.0,3390,498.0,1
90720,90720,21870.0,4710,387.0,1
90723,90723,54390.0,6080,974.0,1
90731,90731,50990.0,7110,1193.0,1
90732,90732,19240.0,4050,372.0,1
90740,90740,22160.0,4980,567.0,1
90744,90744,51680.0,5920,910.0,1
90745,90745,56010.0,8650,1091.0,1
90746,90746,25170.0,3340,399.0,1
90755,90755,10960.0,1600,291.0,1
90802,90802,31350.0,3200,932.0,1
90803,90803,27260.0,5140,966.0,1
90804,90804,33990.0,3590,765.0,1
90805,90805,90640.0,9950,1436.0,1
90806,90806,40040.0,4510,667.0,1
90807,90807,30440.0,5040,715.0,1
90808,90808,37950.0,8190,609.0,1
90810,90810,36200.0,4810,695.0,1
90813,90813,50240.0,4190,876.0,1
90814,90814,16230.0,2520,574.0,1
90815,90815,34950.0,7150,571.0,1
91001,91001,33450.0,6300,704.0,1
91006,91006,29710.0,6570,792.0,1
91007,91007,28820.0,6190,886.0,1
91010,91010,24240.0,4040,489.0,1
91011,91011,20250.0,4990,408.0,1
91016,91016,37190.0,6610,864.0,1
91020,91020,7150.0,1330,222.0,1
91024,91024,10070.0,2220,218.0,1
91030,91030,24350.0,4850,659.0,1
91040,91040,18490.0,3710,521.0,1
91042,91042,23980.0,4690,820.0,1
91101,91101,15550.0,2430,469.0,1
91103,91103,24150.0,3270,603.0,1
91104,91104,32460.0,5730,873.0,1
91105,91105,11340.0,2640,302.0,1
91106,91106,20090.0,3480,664.0,1
91107,91107,30610.0,6260,758.0,1
91108,91108,12710.0,3090,320.0,1
91201,91201,19640.0,3670,857.0,1
91202,91202,19710.0,3970,779.0,1
91203,91203,12560.0,2200,479.0,1
91204,91204,13520.0,2090,593.0,1
91205,91205,31020.0,5120,1176.0,1
91206,91206,28230.0,5600,1102.0,1
91207,91207,9300.0,2110,291.0,1
91208,91208,15520.0,3550,439.0,1
91210,91210,280.0,0,60.0,1
91214,91214,29630.0,6760,779.0,1
91301,91301,24550.0,5580,635.0,1
91302,91302,23600.0,5280,710.0,1
91303,91303,25760.0,3490,918.0,1
91304,91304,46610.0,7840,1319.0,1
91306,91306,43780.0,7040,1366.0,1
91307,91307,23400.0,5140,644.0,1
91311,91311,34330.0,6860,947.0,1
91316,91316,25330.0,4980,1238.0,1
91321,91321,32800.0,5440,693.0,1
91324,91324,24890.0,4340,887.0,1
91325,91325,28750.0,5080,860.0,1
91326,91326,33360.0,7670,806.0,1
91331,91331,96210.0,12110,2512.0,1
91335,91335,68280.0,10490,2459.0,1
91340,91340,33560.0,4320,800.0,1
91342,91342,88090.0,12770,2087.0,1
91343,91343,54300.0,7960,1594.0,1
91344,91344,49080.0,9700,1374.0,1
91345,91345,17850.0,2760,536.0,1
91350,91350,35700.0,7680,551.0,1
91351,91351,32910.0,5700,630.0,1
91352,91352,44130.0,6270,1375.0,1
91354,91354,31620.0,6980,394.0,1
91355,91355,30150.0,6510,512.0,1
91356,91356,26500.0,5170,1023.0,1
91361,91361,19410.0,4570,481.0,1
91362,91362,35440.0,7840,745.0,1
91364,91364,25140.0,5390,1000.0,1
91367,91367,38180.0,7880,1308.0,1
91377,91377,13510.0,3060,305.0,1
91381,91381,19440.0,4140,298.0,1
91384,91384,22320.0,4620,361.0,1
91387,91387,41830.0,7610,729.0,1
91390,91390,18130.0,4140,296.0,1
91401,91401,34350.0,5300,1555.0,1
91402,91402,62350.0,8010,2159.0,1
91403,91403,22580.0,4210,1088.0,1
91405,91405,45620.0,5950,1892.0,1
91406,91406,47470.0,6950,1809.0,1
91411,91411,20180.0,2830,891.0,1
91423,91423,28260.0,5020,1446.0,1
91436,91436,17770.0,4110,497.0,1
91501,91501,18630.0,3550,661.0,1
91502,91502,9730.0,1420,368.0,1
91504,91504,24020.0,4710,714.0,1
91505,91505,29470.0,5470,967.0,1
91506,91506,17880.0,3380,536.0,1
91601,91601,31470.0,3940,1717.0,1
91602,91602,16510.0,2620,998.0,1
91604,91604,26070.0,4820,1259.0,1
91605,91605,49810.0,6800,1830.0,1
91606,91606,38710.0,5320,1664.0,1
91607,91607,25730.0,4140,1301.0,1
91706,91706,74760.0,10410,1754.0,1
91731,91731,25770.0,3510,758.0,1
91732,91732,55960.0,7630,1636.0,1
91733,91733,41280.0,5310,1037.0,1
91745,91745,51020.0,9960,1618.0,1
91746,91746,30030.0,4180,660.0,1
91754,91754,32030.0,5980,2127.0,1
91755,91755,25260.0,4820,2218.0,1
91770,91770,56620.0,9850,2560.0,1
91775,91775,22280.0,4710,611.0,1
91776,91776,35910.0,6600,2918.0,1
91780,91780,32970.0,6710,1083.0,1
91801,91801,46500.0,8200,1953.0,1
91803,91803,27220.0,4850,1144.0,1
92649,92649,31370.0,6760,696.0,1
93063,93063,51910.0,11100,934.0,1
93065,93065,69390.0,14480,1195.0,1
93510,93510,6910.0,1690,149.0,1
93550,93550,69440.0,8730,1074.0,1
94005,94005,5130.0,1140,95.0,1
94010,94010,41050.0,9280,891.0,1
94014,94014,45280.0,7830,1330.0,1
94015,94015,59160.0,11440,1463.0,1
94030,94030,22000.0,4960,393.0,1
94044,94044,36600.0,7950,734.0,1
94066,94066,44290.0,8410,1058.0,1
94080,94080,67120.0,12550,1261.0,1
94102,94102,23190.0,2670,822.0,1
94103,94103,22090.0,2660,761.0,1
94104,94104,2020.0,330,83.0,1
94105,94105,8240.0,1520,139.0,1
94107,94107,24160.0,4130,553.0,1
94108,94108,10730.0,1850,330.0,1
94109,94109,46600.0,6350,1384.0,1
94110,94110,64420.0,9280,2189.0,1
94111,94111,4250.0,850,129.0,1
94112,94112,80060.0,14460,2433.0,1
94114,94114,29270.0,5080,935.0,1
94115,94115,28470.0,4290,765.0,1
94116,94116,41040.0,8890,1119.0,1
94117,94117,32420.0,4760,1105.0,1
94118,94118,34160.0,6310,1050.0,1
94121,94121,38140.0,7420,1249.0,1
94122,94122,51910.0,10220,1556.0,1
94123,94123,21450.0,3470,455.0,1
94124,94124,35040.0,4740,1083.0,1
94127,94127,19110.0,4480,425.0,1
94129,94129,3150.0,480,61.0,1
94130,94130,1840.0,0,88.0,1
94131,94131,26010.0,5080,604.0,1
94132,94132,21870.0,4150,677.0,1
94133,94133,22010.0,3820,739.0,1
94134,94134,41980.0,7580,1250.0,1
94158,94158,5840.0,1120,67.0,1
94401,94401,32910.0,5570,1051.0,1
94402,94402,25630.0,5900,598.0,1
94403,94403,40940.0,8620,758.0,1
94404,94404,33640.0,8100,452.0,1
94501,94501,58060.0,11190,1406.0,1
94502,94502,13780.0,3340,198.0,1
94530,94530,23890.0,5220,662.0,1
94541,94541,64880.0,9670,1189.0,1
94545,94545,32240.0,5780,666.0,1
94546,94546,42940.0,8680,807.0,1
94547,94547,24300.0,4950,378.0,1
94563,94563,19290.0,4990,349.0,1
94564,94564,18310.0,3610,258.0,1
94577,94577,46290.0,8150,949.0,1
94578,94578,38600.0,5600,784.0,1
94579,94579,21190.0,4240,419.0,1
94580,94580,28730.0,5260,494.0,1
94601,94601,48050.0,5800,1376.0,1
94602,94602,26630.0,5010,661.0,1
94603,94603,35510.0,3910,522.0,1
94605,94605,37920.0,5050,819.0,1
94606,94606,32690.0,4470,1379.0,1
94607,94607,20610.0,2500,741.0,1
94608,94608,25470.0,3270,1066.0,1
94609,94609,18310.0,2380,858.0,1
94610,94610,28130.0,4800,935.0,1
94611,94611,36250.0,7930,922.0,1
94612,94612,12060.0,1400,472.0,1
94618,94618,15240.0,3460,384.0,1
94619,94619,23000.0,3930,513.0,1
94621,94621,31900.0,3220,591.0,1
94702,94702,15160.0,2530,506.0,1
94703,94703,16920.0,2710,549.0,1
94704,94704,7840.0,920,427.0,1
94705,94705,11930.0,2470,388.0,1
94706,94706,17840.0,3770,359.0,1
94707,94707,12590.0,3110,249.0,1
94708,94708,10620.0,2700,222.0,1
94709,94709,7530.0,1220,324.0,1
94710,94710,7060.0,1070,209.0,1
94801,94801,29000.0,3600,748.0,1
94803,94803,23530.0,4560,639.0,1
94804,94804,38860.0,5130,1071.0,1
94805,94805,13560.0,2410,415.0,1
94806,94806,59260.0,8520,1308.0,1
94901,94901,38920.0,7230,1508.0,1
94903,94903,27260.0,5920,651.0,1
94904,94904,11630.0,2520,361.0,1
94920,94920,11740.0,2820,293.0,1
94924,94924,1040.0,0,87.0,1
94925,94925,9390.0,2070,232.0,1
94930,94930,7650.0,1650,305.0,1
94939,94939,6660.0,1450,151.0,1
94941,94941,28330.0,6360,733.0,1
94949,94949,16780.0,3430,397.0,1
94960,94960,14110.0,3290,358.0,1
94965,94965,9510.0,1890,428.0,1
97002,97002,5420.0,1290,114.0,1
97005,97005,23590.0,3630,433.0,1
97006,97006,40020.0,8200,499.0,1
97007,97007,45190.0,10030,508.0,1
97008,97008,27520.0,5400,445.0,1
97009,97009,8140.0,1960,101.0,1
97013,97013,22350.0,4930,223.0,1
97015,97015,22150.0,4400,328.0,1
97019,97019,3140.0,750,44.0,1
97022,97022,3260.0,770,40.0,1
97023,97023,9320.0,2060,124.0,1
97024,97024,10840.0,1900,152.0,1
97027,97027,11080.0,2230,114.0,1
97030,97030,34510.0,5760,459.0,1
97034,97034,19710.0,5010,301.0,1
97035,97035,24030.0,5560,427.0,1
97045,97045,50750.0,11650,642.0,1
97055,97055,17390.0,3880,250.0,1
97056,97056,11220.0,2600,130.0,1
97060,97060,19780.0,3820,266.0,1
97062,97062,28230.0,5760,291.0,1
97068,97068,28220.0,6830,358.0,1
97070,97070,22570.0,4880,266.0,1
97080,97080,38970.0,8180,410.0,1
97086,97086,27490.0,6090,380.0,1
97089,97089,12050.0,2990,171.0,1
97106,97106,4660.0,1110,62.0,1
97113,97113,14720.0,2650,106.0,1
97123,97123,45490.0,8990,467.0,1
97124,97124,47150.0,9960,451.0,1
97133,97133,4420.0,1080,40.0,1
97140,97140,24240.0,5520,222.0,1
97201,97201,11240.0,2050,247.0,1
97202,97202,34390.0,6510,863.0,1
97203,97203,26000.0,4000,456.0,1
97204,97204,770.0,0,30.0,1
97205,97205,5010.0,730,111.0,1
97206,97206,43140.0,7570,1061.0,1
97209,97209,12330.0,1830,363.0,1
97210,97210,10330.0,1890,311.0,1
97211,97211,28530.0,4640,909.0,1
97212,97212,23960.0,4890,544.0,1
97213,97213,27560.0,5240,667.0,1
97214,97214,22140.0,3420,861.0,1
97215,97215,15630.0,3180,443.0,1
97216,97216,14170.0,2380,328.0,1
97217,97217,30000.0,4950,820.0,1
97218,97218,13250.0,1950,308.0,1
97219,97219,35990.0,7970,703.0,1
97220,97220,25320.0,4000,563.0,1
97221,97221,11530.0,2720,170.0,1
97222,97222,31080.0,5780,463.0,1
97223,97223,45050.0,9300,654.0,1
97224,97224,32880.0,7170,465.0,1
97225,97225,23390.0,5010,436.0,1
97227,97227,3450.0,470,147.0,1
97229,97229,62560.0,14810,640.0,1
97230,97230,34690.0,5930,564.0,1
97231,97231,4080.0,970,68.0,1
97232,97232,11290.0,1830,350.0,1
97233,97233,35420.0,4940,543.0,1
97236,97236,34490.0,5640,541.0,1
97239,97239,14270.0,3060,267.0,1
97266,97266,29680.0,4670,630.0,1
97267,97267,27830.0,5940,375.0,1
98001,98001,31710.0,6610,450.0,1
98002,98002,32230.0,4650,349.0,1
98003,98003,43820.0,6790,628.0,1
98004,98004,31250.0,6960,402.0,1
98005,98005,18860.0,4360,258.0,1
98006,98006,39630.0,9800,368.0,1
98007,98007,26280.0,5740,315.0,1
98008,98008,25120.0,5760,326.0,1
98011,98011,23710.0,5210,271.0,1
98012,98012,63330.0,14610,597.0,1
98020,98020,19230.0,4810,260.0,1
98021,98021,30080.0,7130,272.0,1
98023,98023,47680.0,8970,597.0,1
98026,98026,35040.0,7810,493.0,1
98027,98027,26770.0,6380,314.0,1
98028,98028,21650.0,4960,305.0,1
98029,98029,27630.0,6550,183.0,1
98030,98030,34860.0,5760,654.0,1
98031,98031,39990.0,7340,693.0,1
98032,98032,34390.0,5020,494.0,1
98033,98033,36400.0,8490,519.0,1
98034,98034,46730.0,10100,608.0,1
98036,98036,36840.0,7470,487.0,1
98037,98037,26120.0,5060,424.0,1
98038,98038,33730.0,7870,228.0,1
98039,98039,3230.0,820,47.0,1
98040,98040,24650.0,6040,359.0,1
98042,98042,44650.0,9950,477.0,1
98043,98043,19610.0,3590,359.0,1
98052,98052,65300.0,15490,637.0,1
98053,98053,21400.0,5720,143.0,1
98055,98055,21210.0,3840,260.0,1
98056,98056,33790.0,6540,478.0,1
98057,98057,12060.0,1690,230.0,1
98058,98058,40510.0,8490,524.0,1
98059,98059,37820.0,8520,434.0,1
98070,98070,9690.0,2430,263.0,1
98072,98072,24390.0,5880,259.0,1
98074,98074,28270.0,7270,162.0,1
98075,98075,24600.0,6190,178.0,1
98077,98077,13210.0,3450,161.0,1
98087,98087,33900.0,6140,455.0,1
98101,98101,10910.0,1780,201.0,1
98102,98102,20890.0,2910,445.0,1
98103,98103,44790.0,8250,1016.0,1
98104,98104,8990.0,1250,227.0,1
98105,98105,25160.0,4700,615.0,1
98106,98106,23030.0,3680,467.0,1
98107,98107,23040.0,4120,522.0,1
98108,98108,22870.0,3760,479.0,1
98109,98109,22970.0,3930,376.0,1
98110,98110,23250.0,5980,420.0,1
98112,98112,20200.0,4220,428.0,1
98115,98115,46850.0,10200,708.0,1
98116,98116,24180.0,5170,442.0,1
98117,98117,32510.0,7440,477.0,1
98118,98118,43740.0,7280,935.0,1
98119,98119,19370.0,3600,357.0,1
98121,98121,13000.0,2100,188.0,1
98122,98122,29100.0,3940,734.0,1
98125,98125,35640.0,6770,719.0,1
98126,98126,19810.0,3820,191.0,1
98133,98133,41880.0,7620,835.0,1
98134,98134,650.0,0,31.0,1
98136,98136,14980.0,3360,239.0,1
98144,98144,26310.0,4260,596.0,1
98146,98146,26750.0,4660,358.0,1
98148,98148,10420.0,1530,194.0,1
98155,98155,32470.0,6930,539.0,1
98164,98164,160.0,0,0.0,1
98166,98166,21010.0,4340,336.0,1
98168,98168,35340.0,5190,686.0,1
98177,98177,19740.0,4880,293.0,1
98178,98178,23750.0,3850,318.0,1
98188,98188,25100.0,3680,680.0,1
98198,98198,35210.0,5740,436.0,1
98199,98199,20130.0,4630,296.0,1
98204,98204,39650.0,5570,409.0,1
98208,98208,54570.0,11160,553.0,1
98275,98275,21510.0,5010,172.0,1
98296,98296,25560.0,6340,249.0,1
98310,98310,16780.0,3150,142.0,1
98311,98311,24110.0,5410,146.0,1
98312,98312,27260.0,5650,219.0,1
98332,98332,14960.0,4020,179.0,1
98337,98337,5410.0,860,67.0,1
98342,98342,1490.0,380,28.0,1
98346,98346,9140.0,2150,148.0,1
98359,98359,4700.0,1180,53.0,1
98366,98366,30860.0,6560,267.0,1
98367,98367,25000.0,6160,175.0,1
98370,98370,27960.0,6860,331.0,1
98383,98383,21320.0,4960,152.0,1
98392,98392,2730.0,540,50.0,1
98604,98604,35240.0,8110,342.0,1
98606,98606,9780.0,2400,88.0,1
98607,98607,30530.0,7240,249.0,1
98642,98642,17840.0,4430,207.0,1
98660,98660,9750.0,1630,153.0,1
98661,98661,40540.0,6470,555.0,1
98662,98662,31250.0,6170,444.0,1
98663,98663,12880.0,2320,226.0,1
98664,98664,21420.0,4010,331.0,1
98665,98665,25140.0,4890,307.0,1
98671,98671,21510.0,5060,195.0,1
98682,98682,57010.0,11080,703.0,1
98683,98683,30700.0,6470,358.0,1
98684,98684,27630.0,5390,371.0,1
98685,98685,27540.0,6490,298.0,1
98686,98686,17800.0,4120,215.0,1
